ConfigurationID,Priority,Objectives
0,"[['transport_robot_009_m_105', 't_004', 't_005', 'transport_robot_008_m_015', 't_000', 't_007', 'transport_robot_005_m_178', 't_002', 't_009', 't_001', 't_008', 'transport_robot_000_m_142', 'transport_robot_003_m_152', 'transport_robot_004_m_155', 'transport_robot_007_m_115', 't_006', 't_003', 'transport_robot_000_m_167', 'transport_robot_003_m_144'], ['transport_robot_005_m_178', 't_001', 't_005', 'transport_robot_004_m_155', 'transport_robot_000_m_142', 'transport_robot_007_m_115', 't_004', 'transport_robot_009_m_105', 'transport_robot_000_m_167', 't_000', 't_008', 't_002', 'transport_robot_008_m_015', 'transport_robot_003_m_144', 'transport_robot_003_m_152', 't_003', 't_006', 't_007', 't_009'], ['t_006', 't_000', 'transport_robot_005_m_178', 't_003', 'transport_robot_007_m_115', 't_005', 't_009', 'transport_robot_003_m_152', 'transport_robot_008_m_015', 't_008', 't_007', 't_001', 'transport_robot_003_m_144', 'transport_robot_000_m_142', 'transport_robot_000_m_167', 'transport_robot_009_m_105', 'transport_robot_004_m_155', 't_004', 't_002'], ['transport_robot_009_m_105', 'transport_robot_003_m_152', 't_009', 'transport_robot_007_m_115', 't_008', 't_006', 't_002', 't_005', 't_000', 't_007', 'transport_robot_000_m_142', 't_004', 'transport_robot_008_m_015', 'transport_robot_000_m_167', 'transport_robot_005_m_178', 'transport_robot_003_m_144', 't_003', 'transport_robot_004_m_155', 't_001'], ['t_008', 'transport_robot_003_m_152', 't_007', 't_001', 't_000', 't_009', 't_003', 'transport_robot_007_m_115', 'transport_robot_000_m_142', 't_002', 'transport_robot_009_m_105', 'transport_robot_004_m_155', 'transport_robot_008_m_015', 't_004', 't_006', 't_005', 'transport_robot_000_m_167', 'transport_robot_005_m_178', 'transport_robot_003_m_144'], ['transport_robot_000_m_142', 'transport_robot_009_m_105', 't_005', 't_002', 'transport_robot_003_m_144', 't_006', 't_001', 't_007', 't_000', 't_008', 't_003', 'transport_robot_003_m_152', 'transport_robot_004_m_155', 'transport_robot_007_m_115', 'transport_robot_008_m_015', 'transport_robot_005_m_178', 't_009', 't_004', 'transport_robot_000_m_167'], ['t_002', 't_009', 'transport_robot_003_m_152', 't_007', 't_001', 't_004', 't_000', 'transport_robot_005_m_178', 'transport_robot_000_m_167', 't_008', 't_003', 'transport_robot_003_m_144', 'transport_robot_004_m_155', 'transport_robot_008_m_015', 't_006', 'transport_robot_007_m_115', 'transport_robot_009_m_105', 'transport_robot_000_m_142', 't_005'], ['transport_robot_000_m_142', 't_009', 'transport_robot_007_m_115', 't_005', 't_002', 'transport_robot_000_m_167', 't_008', 'transport_robot_008_m_015', 'transport_robot_005_m_178', 't_006', 't_000', 't_004', 'transport_robot_003_m_144', 't_003', 't_001', 'transport_robot_009_m_105', 't_007', 'transport_robot_003_m_152', 'transport_robot_004_m_155'], ['t_001', 't_009', 't_006', 't_003', 't_002', 't_000', 't_007', 'transport_robot_008_m_015', 'transport_robot_004_m_155', 'transport_robot_009_m_105', 'transport_robot_005_m_178', 'transport_robot_003_m_152', 'transport_robot_000_m_167', 'transport_robot_000_m_142', 't_008', 't_004', 'transport_robot_003_m_144', 'transport_robot_007_m_115', 't_005'], ['t_007', 't_003', 't_001', 'transport_robot_000_m_142', 't_000', 't_006', 't_009', 'transport_robot_000_m_167', 't_005', 'transport_robot_005_m_178', 'transport_robot_009_m_105', 'transport_robot_003_m_144', 't_002', 't_008', 'transport_robot_008_m_015', 'transport_robot_004_m_155', 't_004', 'transport_robot_007_m_115', 'transport_robot_003_m_152']]","[100.60650273224044, 16.6, 10.0]"
0,"[['transport_robot_009_m_105', 't_004', 't_005', 'transport_robot_008_m_015', 't_000', 't_007', 'transport_robot_005_m_178', 't_002', 't_009', 't_001', 't_008', 'transport_robot_000_m_142', 'transport_robot_003_m_152', 'transport_robot_004_m_155', 'transport_robot_007_m_115', 't_006', 't_003', 'transport_robot_000_m_167', 'transport_robot_003_m_144'], ['transport_robot_005_m_178', 't_001', 't_005', 'transport_robot_004_m_155', 'transport_robot_000_m_142', 'transport_robot_007_m_115', 't_004', 'transport_robot_009_m_105', 'transport_robot_000_m_167', 't_000', 't_008', 't_002', 'transport_robot_008_m_015', 'transport_robot_003_m_144', 'transport_robot_003_m_152', 't_003', 't_006', 't_007', 't_009'], ['t_006', 'transport_robot_009_m_105', 'transport_robot_005_m_178', 't_003', 'transport_robot_007_m_115', 't_005', 't_009', 'transport_robot_003_m_152', 'transport_robot_008_m_015', 't_008', 't_007', 't_001', 'transport_robot_003_m_144', 'transport_robot_000_m_142', 'transport_robot_000_m_167', 't_000', 'transport_robot_004_m_155', 't_004', 't_002'], ['transport_robot_009_m_105', 'transport_robot_003_m_152', 't_009', 'transport_robot_007_m_115', 't_008', 't_006', 't_002', 't_005', 't_000', 't_007', 'transport_robot_000_m_142', 't_004', 'transport_robot_008_m_015', 'transport_robot_000_m_167', 'transport_robot_005_m_178', 'transport_robot_003_m_144', 't_003', 'transport_robot_004_m_155', 't_001'], ['t_008', 'transport_robot_003_m_152', 't_007', 't_001', 'transport_robot_000_m_142', 't_009', 't_003', 'transport_robot_007_m_115', 't_000', 'transport_robot_008_m_015', 'transport_robot_009_m_105', 'transport_robot_004_m_155', 't_002', 't_004', 't_006', 't_005', 'transport_robot_000_m_167', 'transport_robot_005_m_178', 'transport_robot_003_m_144'], ['transport_robot_000_m_142', 'transport_robot_009_m_105', 't_005', 't_002', 'transport_robot_003_m_144', 't_006', 't_001', 't_007', 't_000', 't_008', 't_003', 'transport_robot_003_m_152', 'transport_robot_004_m_155', 'transport_robot_007_m_115', 'transport_robot_008_m_015', 'transport_robot_005_m_178', 't_009', 't_004', 'transport_robot_000_m_167'], ['t_002', 't_009', 'transport_robot_003_m_152', 't_007', 't_001', 't_004', 't_000', 'transport_robot_005_m_178', 'transport_robot_000_m_167', 't_008', 't_003', 'transport_robot_003_m_144', 'transport_robot_004_m_155', 'transport_robot_008_m_015', 't_006', 'transport_robot_007_m_115', 'transport_robot_009_m_105', 'transport_robot_000_m_142', 't_005'], ['transport_robot_000_m_142', 't_009', 'transport_robot_007_m_115', 'transport_robot_003_m_152', 't_002', 'transport_robot_000_m_167', 't_008', 'transport_robot_008_m_015', 'transport_robot_005_m_178', 't_006', 't_000', 't_004', 'transport_robot_003_m_144', 't_003', 't_001', 'transport_robot_009_m_105', 't_007', 't_005', 'transport_robot_004_m_155'], ['t_001', 't_009', 't_006', 't_003', 't_002', 't_000', 't_007', 'transport_robot_008_m_015', 'transport_robot_004_m_155', 'transport_robot_009_m_105', 'transport_robot_005_m_178', 'transport_robot_003_m_152', 'transport_robot_000_m_167', 'transport_robot_000_m_142', 't_008', 't_004', 'transport_robot_003_m_144', 'transport_robot_007_m_115', 't_005'], ['t_007', 't_003', 't_001', 'transport_robot_000_m_142', 't_000', 't_006', 't_009', 'transport_robot_000_m_167', 't_005', 'transport_robot_005_m_178', 'transport_robot_009_m_105', 'transport_robot_003_m_144', 't_002', 't_008', 'transport_robot_008_m_015', 'transport_robot_004_m_155', 't_004', 'transport_robot_007_m_115', 'transport_robot_003_m_152']]","[100.60650273224044, 16.6, 10.0]"
0,"[['t_007', 't_005', 't_000', 't_006', 't_002', 'transport_robot_007_m_115', 't_009', 'transport_robot_000_m_142', 'transport_robot_003_m_144', 'transport_robot_004_m_155', 'transport_robot_005_m_178', 'transport_robot_000_m_167', 'transport_robot_008_m_015', 'transport_robot_009_m_105', 't_004', 't_001', 'transport_robot_003_m_152', 't_008', 't_003'], ['t_005', 'transport_robot_005_m_178', 't_007', 'transport_robot_004_m_155', 'transport_robot_009_m_105', 't_009', 't_003', 't_006', 't_008', 't_004', 'transport_robot_000_m_142', 't_000', 'transport_robot_008_m_015', 'transport_robot_007_m_115', 't_001', 't_002', 'transport_robot_003_m_152', 'transport_robot_000_m_167', 'transport_robot_003_m_144'], ['t_008', 'transport_robot_007_m_115', 'transport_robot_008_m_015', 'transport_robot_004_m_155', 'transport_robot_005_m_178', 't_002', 't_000', 'transport_robot_000_m_142', 't_009', 't_003', 't_005', 'transport_robot_009_m_105', 't_007', 't_006', 't_001', 't_004', 'transport_robot_000_m_167', 'transport_robot_003_m_144', 'transport_robot_003_m_152'], ['transport_robot_007_m_115', 't_000', 't_009', 'transport_robot_000_m_167', 't_008', 'transport_robot_003_m_144', 'transport_robot_000_m_142', 'transport_robot_003_m_152', 't_005', 't_001', 'transport_robot_009_m_105', 'transport_robot_004_m_155', 't_006', 't_004', 'transport_robot_005_m_178', 't_007', 't_002', 't_003', 'transport_robot_008_m_015'], ['transport_robot_004_m_155', 't_000', 't_006', 't_009', 'transport_robot_003_m_152', 'transport_robot_000_m_142', 't_002', 't_005', 'transport_robot_005_m_178', 't_001', 't_007', 't_003', 'transport_robot_009_m_105', 'transport_robot_008_m_015', 'transport_robot_003_m_144', 'transport_robot_007_m_115', 't_008', 'transport_robot_000_m_167', 't_004'], ['t_007', 't_009', 'transport_robot_009_m_105', 't_005', 'transport_robot_003_m_144', 'transport_robot_004_m_155', 't_002', 'transport_robot_008_m_015', 'transport_robot_005_m_178', 't_000', 't_001', 'transport_robot_007_m_115', 'transport_robot_003_m_152', 't_003', 't_006', 'transport_robot_000_m_142', 't_004', 't_008', 'transport_robot_000_m_167'], ['transport_robot_007_m_115', 't_008', 't_009', 't_007', 'transport_robot_005_m_178', 'transport_robot_009_m_105', 'transport_robot_003_m_144', 't_006', 'transport_robot_000_m_167', 'transport_robot_000_m_142', 'transport_robot_003_m_152', 't_003', 't_005', 't_000', 't_004', 't_001', 'transport_robot_008_m_015', 't_002', 'transport_robot_004_m_155'], ['t_007', 'transport_robot_000_m_142', 't_008', 't_002', 't_005', 'transport_robot_004_m_155', 'transport_robot_007_m_115', 'transport_robot_003_m_144', 'transport_robot_005_m_178', 't_000', 't_001', 't_006', 't_004', 'transport_robot_000_m_167', 't_003', 't_009', 'transport_robot_008_m_015', 'transport_robot_009_m_105', 'transport_robot_003_m_152'], ['transport_robot_008_m_015', 'transport_robot_007_m_115', 't_009', 't_002', 'transport_robot_003_m_144', 't_003', 't_007', 't_001', 'transport_robot_000_m_142', 't_005', 't_000', 't_004', 'transport_robot_005_m_178', 'transport_robot_000_m_167', 'transport_robot_009_m_105', 'transport_robot_004_m_155', 't_008', 't_006', 'transport_robot_003_m_152'], ['t_004', 't_007', 'transport_robot_004_m_155', 'transport_robot_003_m_152', 'transport_robot_000_m_167', 'transport_robot_007_m_115', 'transport_robot_005_m_178', 't_003', 't_005', 't_006', 'transport_robot_009_m_105', 'transport_robot_000_m_142', 't_001', 't_000', 'transport_robot_003_m_144', 't_002', 't_009', 'transport_robot_008_m_015', 't_008']]","[90.76382513661203, 8.641975308641976, 17.0]"
0,"[['t_007', 't_002', 't_006', 't_000', 'transport_robot_007_m_115', 't_009', 'transport_robot_000_m_142', 't_005', 'transport_robot_003_m_144', 'transport_robot_004_m_155', 'transport_robot_005_m_178', 'transport_robot_000_m_167', 'transport_robot_008_m_015', 'transport_robot_009_m_105', 't_004', 't_001', 'transport_robot_003_m_152', 't_008', 't_003'], ['t_005', 'transport_robot_005_m_178', 't_007', 'transport_robot_004_m_155', 'transport_robot_009_m_105', 't_009', 't_006', 't_008', 't_001', 'transport_robot_000_m_142', 't_000', 'transport_robot_008_m_015', 'transport_robot_007_m_115', 't_004', 't_002', 'transport_robot_003_m_152', 'transport_robot_000_m_167', 't_003', 'transport_robot_003_m_144'], ['t_008', 'transport_robot_007_m_115', 'transport_robot_008_m_015', 'transport_robot_004_m_155', 't_002', 'transport_robot_000_m_142', 't_009', 'transport_robot_005_m_178', 't_003', 't_005', 't_006', 'transport_robot_009_m_105', 't_007', 't_001', 't_004', 'transport_robot_000_m_167', 'transport_robot_003_m_144', 'transport_robot_003_m_152', 't_000'], ['transport_robot_007_m_115', 't_000', 't_009', 'transport_robot_003_m_144', 'transport_robot_000_m_142', 't_008', 'transport_robot_000_m_167', 'transport_robot_004_m_155', 't_001', 'transport_robot_003_m_152', 't_004', 'transport_robot_005_m_178', 't_007', 't_006', 't_002', 't_005', 't_003', 'transport_robot_009_m_105', 'transport_robot_008_m_015'], ['transport_robot_004_m_155', 't_000', 't_006', 'transport_robot_003_m_152', 'transport_robot_000_m_142', 't_002', 't_001', 'transport_robot_005_m_178', 't_007', 't_003', 'transport_robot_008_m_015', 'transport_robot_009_m_105', 'transport_robot_003_m_144', 't_009', 'transport_robot_007_m_115', 't_008', 't_005', 'transport_robot_000_m_167', 't_004'], ['t_007', 't_009', 't_005', 'transport_robot_009_m_105', 'transport_robot_004_m_155', 't_002', 'transport_robot_008_m_015', 'transport_robot_005_m_178', 't_000', 't_001', 'transport_robot_007_m_115', 't_004', 'transport_robot_003_m_152', 't_003', 'transport_robot_000_m_167', 't_008', 'transport_robot_003_m_144', 't_006', 'transport_robot_000_m_142'], ['transport_robot_007_m_115', 't_008', 't_009', 'transport_robot_009_m_105', 'transport_robot_005_m_178', 't_007', 'transport_robot_003_m_144', 't_005', 't_000', 't_006', 'transport_robot_000_m_167', 'transport_robot_000_m_142', 'transport_robot_003_m_152', 't_003', 't_004', 't_001', 'transport_robot_008_m_015', 'transport_robot_004_m_155', 't_002'], ['t_007', 'transport_robot_000_m_142', 't_008', 't_002', 'transport_robot_004_m_155', 'transport_robot_003_m_144', 't_005', 'transport_robot_007_m_115', 'transport_robot_005_m_178', 't_000', 't_006', 't_004', 't_001', 't_003', 't_009', 'transport_robot_008_m_015', 'transport_robot_000_m_167', 'transport_robot_009_m_105', 'transport_robot_003_m_152'], ['transport_robot_008_m_015', 'transport_robot_003_m_144', 'transport_robot_007_m_115', 't_009', 't_002', 't_001', 't_003', 'transport_robot_000_m_142', 't_005', 't_000', 't_004', 'transport_robot_005_m_178', 'transport_robot_000_m_167', 'transport_robot_009_m_105', 'transport_robot_004_m_155', 't_007', 't_008', 'transport_robot_003_m_152', 't_006'], ['t_004', 'transport_robot_009_m_105', 'transport_robot_007_m_115', 't_007', 'transport_robot_004_m_155', 'transport_robot_003_m_152', 't_003', 'transport_robot_005_m_178', 't_005', 't_006', 'transport_robot_000_m_167', 'transport_robot_000_m_142', 't_001', 't_002', 't_000', 't_009', 'transport_robot_003_m_144', 'transport_robot_008_m_015', 't_008']]","[90.76382513661203, 8.641975308641976, 17.0]"
0,"[['t_007', 't_002', 't_006', 't_000', 'transport_robot_007_m_115', 't_009', 'transport_robot_000_m_142', 't_005', 'transport_robot_003_m_144', 'transport_robot_004_m_155', 'transport_robot_005_m_178', 'transport_robot_000_m_167', 'transport_robot_008_m_015', 'transport_robot_009_m_105', 't_004', 't_001', 'transport_robot_003_m_152', 't_008', 't_003'], ['t_005', 'transport_robot_005_m_178', 't_007', 'transport_robot_004_m_155', 'transport_robot_009_m_105', 't_009', 't_006', 't_008', 't_001', 'transport_robot_000_m_142', 't_000', 'transport_robot_008_m_015', 'transport_robot_007_m_115', 't_004', 't_002', 'transport_robot_003_m_152', 'transport_robot_000_m_167', 't_003', 'transport_robot_003_m_144'], ['t_008', 'transport_robot_007_m_115', 'transport_robot_008_m_015', 'transport_robot_004_m_155', 't_002', 'transport_robot_005_m_178', 'transport_robot_000_m_142', 't_009', 't_003', 't_005', 't_006', 'transport_robot_009_m_105', 'transport_robot_000_m_167', 't_001', 't_004', 't_007', 'transport_robot_003_m_144', 'transport_robot_003_m_152', 't_000'], ['transport_robot_007_m_115', 't_009', 'transport_robot_000_m_142', 'transport_robot_003_m_144', 'transport_robot_003_m_152', 'transport_robot_000_m_167', 't_001', 't_000', 't_008', 't_004', 'transport_robot_004_m_155', 't_007', 't_006', 't_002', 'transport_robot_005_m_178', 't_005', 't_003', 'transport_robot_009_m_105', 'transport_robot_008_m_015'], ['transport_robot_004_m_155', 't_000', 't_006', 't_007', 'transport_robot_003_m_152', 'transport_robot_000_m_142', 't_002', 'transport_robot_009_m_105', 't_003', 'transport_robot_008_m_015', 'transport_robot_000_m_167', 'transport_robot_005_m_178', 'transport_robot_003_m_144', 't_009', 't_001', 'transport_robot_007_m_115', 't_008', 't_005', 't_004'], ['t_007', 't_009', 't_005', 'transport_robot_009_m_105', 'transport_robot_004_m_155', 't_002', 'transport_robot_008_m_015', 'transport_robot_005_m_178', 't_000', 't_001', 'transport_robot_007_m_115', 'transport_robot_003_m_152', 'transport_robot_003_m_144', 'transport_robot_000_m_142', 't_004', 't_003', 'transport_robot_000_m_167', 't_008', 't_006'], ['transport_robot_007_m_115', 't_008', 't_009', 'transport_robot_009_m_105', 'transport_robot_005_m_178', 't_007', 'transport_robot_003_m_144', 't_005', 't_006', 't_000', 'transport_robot_000_m_167', 'transport_robot_000_m_142', 'transport_robot_003_m_152', 't_003', 't_004', 't_001', 'transport_robot_008_m_015', 'transport_robot_004_m_155', 't_002'], ['t_007', 'transport_robot_000_m_142', 't_008', 't_002', 'transport_robot_004_m_155', 'transport_robot_003_m_144', 't_005', 'transport_robot_007_m_115', 'transport_robot_005_m_178', 't_000', 't_006', 't_004', 't_001', 'transport_robot_000_m_167', 't_003', 't_009', 'transport_robot_008_m_015', 'transport_robot_009_m_105', 'transport_robot_003_m_152'], ['transport_robot_008_m_015', 'transport_robot_003_m_144', 'transport_robot_007_m_115', 't_009', 't_001', 't_000', 't_003', 'transport_robot_000_m_142', 't_005', 't_002', 't_004', 'transport_robot_003_m_152', 'transport_robot_000_m_167', 'transport_robot_009_m_105', 'transport_robot_004_m_155', 't_007', 't_008', 't_006', 'transport_robot_005_m_178'], ['t_004', 'transport_robot_009_m_105', 'transport_robot_007_m_115', 't_007', 'transport_robot_004_m_155', 'transport_robot_003_m_152', 't_003', 'transport_robot_005_m_178', 't_005', 't_006', 'transport_robot_000_m_167', 'transport_robot_000_m_142', 't_000', 't_001', 't_002', 'transport_robot_008_m_015', 'transport_robot_003_m_144', 't_009', 't_008']]","[90.76382513661203, 8.641975308641976, 17.0]"
0,"[['transport_robot_005_m_178', 't_004', 'transport_robot_007_m_115', 't_000', 't_002', 't_009', 't_008', 't_005', 'transport_robot_009_m_105', 'transport_robot_000_m_167', 't_007', 'transport_robot_008_m_015', 't_001', 'transport_robot_000_m_142', 'transport_robot_003_m_152', 'transport_robot_004_m_155', 't_006', 'transport_robot_003_m_144', 't_003'], ['transport_robot_005_m_178', 'transport_robot_004_m_155', 't_003', 'transport_robot_009_m_105', 't_008', 't_009', 't_000', 'transport_robot_000_m_142', 'transport_robot_007_m_115', 'transport_robot_008_m_015', 't_005', 't_007', 't_002', 't_001', 'transport_robot_003_m_144', 'transport_robot_003_m_152', 'transport_robot_000_m_167', 't_004', 't_006'], ['transport_robot_009_m_105', 't_002', 't_008', 'transport_robot_007_m_115', 'transport_robot_005_m_178', 't_005', 't_009', 'transport_robot_000_m_142', 't_000', 't_001', 'transport_robot_004_m_155', 'transport_robot_003_m_152', 'transport_robot_008_m_015', 't_007', 'transport_robot_003_m_144', 'transport_robot_000_m_167', 't_006', 't_003', 't_004'], ['t_006', 'transport_robot_003_m_144', 'transport_robot_004_m_155', 'transport_robot_000_m_142', 'transport_robot_003_m_152', 't_005', 'transport_robot_007_m_115', 'transport_robot_008_m_015', 'transport_robot_005_m_178', 'transport_robot_009_m_105', 't_002', 'transport_robot_000_m_167', 't_003', 't_007', 't_008', 't_004', 't_001', 't_009', 't_000'], ['t_000', 't_008', 'transport_robot_009_m_105', 't_001', 't_006', 't_009', 't_003', 'transport_robot_007_m_115', 'transport_robot_000_m_142', 't_002', 'transport_robot_003_m_152', 't_007', 'transport_robot_005_m_178', 'transport_robot_004_m_155', 'transport_robot_003_m_144', 't_005', 'transport_robot_000_m_167', 'transport_robot_008_m_015', 't_004'], ['t_000', 't_005', 't_001', 't_009', 'transport_robot_009_m_105', 't_007', 't_006', 't_003', 'transport_robot_003_m_144', 'transport_robot_000_m_142', 't_002', 't_004', 'transport_robot_000_m_167', 't_008', 'transport_robot_007_m_115', 'transport_robot_004_m_155', 'transport_robot_003_m_152', 'transport_robot_008_m_015', 'transport_robot_005_m_178'], ['transport_robot_007_m_115', 't_000', 'transport_robot_004_m_155', 'transport_robot_005_m_178', 't_007', 'transport_robot_009_m_105', 'transport_robot_000_m_167', 't_004', 't_006', 't_009', 't_001', 'transport_robot_003_m_144', 'transport_robot_008_m_015', 't_008', 't_003', 't_002', 'transport_robot_003_m_152', 't_005', 'transport_robot_000_m_142'], ['transport_robot_000_m_167', 'transport_robot_007_m_115', 't_002', 't_008', 't_005', 'transport_robot_005_m_178', 't_006', 't_000', 'transport_robot_004_m_155', 'transport_robot_000_m_142', 't_007', 't_004', 'transport_robot_008_m_015', 't_003', 't_001', 't_009', 'transport_robot_003_m_144', 'transport_robot_009_m_105', 'transport_robot_003_m_152'], ['t_003', 't_002', 't_007', 't_009', 't_008', 't_001', 'transport_robot_008_m_015', 't_006', 't_004', 'transport_robot_003_m_152', 'transport_robot_004_m_155', 'transport_robot_009_m_105', 't_000', 't_005', 'transport_robot_005_m_178', 'transport_robot_003_m_144', 'transport_robot_000_m_142', 'transport_robot_007_m_115', 'transport_robot_000_m_167'], ['t_004', 'transport_robot_000_m_167', 'transport_robot_005_m_178', 'transport_robot_009_m_105', 'transport_robot_000_m_142', 't_006', 't_001', 'transport_robot_003_m_152', 't_007', 't_005', 'transport_robot_003_m_144', 't_002', 't_003', 'transport_robot_004_m_155', 't_009', 't_000', 'transport_robot_008_m_015', 'transport_robot_007_m_115', 't_008']]","[100.4468306010929, 16.6, 15.0]"
0,"[['t_002', 't_006', 'transport_robot_003_m_144', 'transport_robot_000_m_142', 't_005', 't_009', 't_007', 't_001', 't_008', 'transport_robot_005_m_178', 'transport_robot_000_m_167', 'transport_robot_009_m_105', 't_004', 'transport_robot_007_m_115', 't_000', 'transport_robot_004_m_155', 'transport_robot_003_m_152', 'transport_robot_008_m_015', 't_003'], ['t_005', 'transport_robot_005_m_178', 't_006', 'transport_robot_004_m_155', 't_001', 't_007', 'transport_robot_009_m_105', 't_009', 'transport_robot_000_m_142', 'transport_robot_007_m_115', 'transport_robot_008_m_015', 'transport_robot_000_m_167', 't_002', 't_000', 't_008', 't_004', 't_003', 'transport_robot_003_m_144', 'transport_robot_003_m_152'], ['t_002', 't_003', 't_009', 'transport_robot_007_m_115', 't_000', 'transport_robot_005_m_178', 't_007', 'transport_robot_003_m_152', 't_006', 't_005', 't_004', 'transport_robot_009_m_105', 'transport_robot_000_m_142', 't_008', 'transport_robot_004_m_155', 'transport_robot_008_m_015', 't_001', 'transport_robot_003_m_144', 'transport_robot_000_m_167'], ['transport_robot_007_m_115', 't_009', 'transport_robot_000_m_167', 't_008', 't_000', 't_003', 'transport_robot_003_m_144', 't_001', 't_002', 'transport_robot_004_m_155', 'transport_robot_003_m_152', 't_005', 'transport_robot_009_m_105', 't_006', 't_004', 'transport_robot_005_m_178', 't_007', 'transport_robot_000_m_142', 'transport_robot_008_m_015'], ['transport_robot_004_m_155', 't_000', 't_006', 't_009', 't_007', 'transport_robot_000_m_142', 't_001', 'transport_robot_009_m_105', 'transport_robot_007_m_115', 't_002', 'transport_robot_005_m_178', 't_003', 'transport_robot_000_m_167', 'transport_robot_003_m_152', 'transport_robot_008_m_015', 't_004', 'transport_robot_003_m_144', 't_008', 't_005'], ['transport_robot_000_m_142', 't_007', 'transport_robot_009_m_105', 't_005', 't_006', 't_000', 't_002', 't_001', 't_008', 't_003', 'transport_robot_003_m_152', 'transport_robot_004_m_155', 'transport_robot_007_m_115', 't_004', 'transport_robot_005_m_178', 'transport_robot_000_m_167', 'transport_robot_008_m_015', 't_009', 'transport_robot_003_m_144'], ['t_002', 't_001', 't_007', 'transport_robot_005_m_178', 't_006', 't_008', 't_009', 'transport_robot_003_m_144', 'transport_robot_007_m_115', 'transport_robot_000_m_167', 'transport_robot_000_m_142', 'transport_robot_009_m_105', 't_005', 't_000', 't_004', 'transport_robot_003_m_152', 't_003', 'transport_robot_008_m_015', 'transport_robot_004_m_155'], ['transport_robot_000_m_142', 't_008', 't_002', 'transport_robot_004_m_155', 't_005', 'transport_robot_007_m_115', 'transport_robot_003_m_144', 't_009', 'transport_robot_003_m_152', 't_004', 'transport_robot_005_m_178', 't_006', 'transport_robot_008_m_015', 't_000', 't_001', 't_003', 't_007', 'transport_robot_009_m_105', 'transport_robot_000_m_167'], ['transport_robot_003_m_144', 't_009', 't_003', 'transport_robot_000_m_142', 'transport_robot_008_m_015', 't_006', 't_002', 't_000', 'transport_robot_004_m_155', 'transport_robot_009_m_105', 't_004', 'transport_robot_005_m_178', 't_001', 't_005', 't_007', 'transport_robot_000_m_167', 't_008', 'transport_robot_003_m_152', 'transport_robot_007_m_115'], ['t_004', 'transport_robot_004_m_155', 'transport_robot_003_m_152', 't_003', 'transport_robot_005_m_178', 'transport_robot_009_m_105', 't_001', 't_009', 't_007', 'transport_robot_000_m_167', 'transport_robot_003_m_144', 't_006', 't_005', 'transport_robot_000_m_142', 't_002', 't_008', 'transport_robot_008_m_015', 't_000', 'transport_robot_007_m_115']]","[80.83153005464482, 9.375, 18.0]"
0,"[['t_006', 't_009', 't_007', 't_001', 't_008', 'transport_robot_009_m_105', 'transport_robot_007_m_115', 'transport_robot_000_m_142', 't_005', 't_000', 'transport_robot_005_m_178', 'transport_robot_000_m_167', 't_004', 'transport_robot_004_m_155', 'transport_robot_008_m_015', 'transport_robot_003_m_152', 'transport_robot_003_m_144', 't_002', 't_003'], ['t_005', 'transport_robot_005_m_178', 't_006', 'transport_robot_003_m_144', 't_003', 'transport_robot_009_m_105', 't_009', 't_007', 't_001', 'transport_robot_000_m_142', 't_000', 'transport_robot_008_m_015', 'transport_robot_007_m_115', 't_004', 'transport_robot_004_m_155', 't_008', 'transport_robot_000_m_167', 't_002', 'transport_robot_003_m_152'], ['t_000', 'transport_robot_007_m_115', 'transport_robot_005_m_178', 't_005', 'transport_robot_004_m_155', 'transport_robot_008_m_015', 't_008', 't_006', 't_003', 't_001', 'transport_robot_003_m_152', 't_002', 'transport_robot_000_m_142', 't_009', 'transport_robot_009_m_105', 't_004', 't_007', 'transport_robot_000_m_167', 'transport_robot_003_m_144'], ['t_009', 'transport_robot_000_m_142', 't_000', 'transport_robot_003_m_144', 't_008', 't_001', 'transport_robot_004_m_155', 'transport_robot_003_m_152', 't_005', 'transport_robot_009_m_105', 'transport_robot_005_m_178', 'transport_robot_007_m_115', 't_006', 't_004', 'transport_robot_000_m_167', 't_007', 't_003', 'transport_robot_008_m_015', 't_002'], ['transport_robot_004_m_155', 't_000', 't_006', 't_009', 'transport_robot_003_m_152', 't_001', 'transport_robot_009_m_105', 'transport_robot_007_m_115', 't_002', 'transport_robot_008_m_015', 'transport_robot_005_m_178', 't_007', 't_003', 'transport_robot_000_m_142', 'transport_robot_003_m_144', 'transport_robot_000_m_167', 't_005', 't_008', 't_004'], ['t_007', 'transport_robot_009_m_105', 't_005', 't_002', 't_001', 't_008', 'transport_robot_005_m_178', 'transport_robot_004_m_155', 'transport_robot_008_m_015', 'transport_robot_003_m_144', 't_006', 'transport_robot_000_m_167', 't_004', 't_000', 't_003', 'transport_robot_007_m_115', 'transport_robot_000_m_142', 'transport_robot_003_m_152', 't_009'], ['t_008', 'transport_robot_005_m_178', 't_007', 'transport_robot_007_m_115', 'transport_robot_009_m_105', 't_006', 't_009', 'transport_robot_000_m_142', 'transport_robot_004_m_155', 'transport_robot_000_m_167', 't_003', 'transport_robot_003_m_144', 't_005', 't_000', 't_004', 't_001', 'transport_robot_008_m_015', 'transport_robot_003_m_152', 't_002'], ['transport_robot_000_m_142', 't_005', 'transport_robot_000_m_167', 'transport_robot_009_m_105', 'transport_robot_005_m_178', 't_000', 't_002', 't_008', 't_007', 't_001', 't_009', 'transport_robot_007_m_115', 'transport_robot_003_m_144', 'transport_robot_004_m_155', 't_004', 't_003', 'transport_robot_008_m_015', 't_006', 'transport_robot_003_m_152'], ['transport_robot_003_m_144', 't_009', 'transport_robot_008_m_015', 'transport_robot_000_m_167', 't_002', 't_003', 't_005', 't_004', 'transport_robot_009_m_105', 'transport_robot_004_m_155', 'transport_robot_007_m_115', 'transport_robot_000_m_142', 't_001', 't_000', 'transport_robot_005_m_178', 't_007', 't_008', 'transport_robot_003_m_152', 't_006'], ['t_004', 'transport_robot_003_m_152', 'transport_robot_005_m_178', 't_005', 't_008', 't_001', 'transport_robot_000_m_142', 't_009', 't_007', 'transport_robot_000_m_167', 'transport_robot_003_m_144', 't_006', 'transport_robot_004_m_155', 't_003', 'transport_robot_009_m_105', 't_002', 'transport_robot_007_m_115', 't_000', 'transport_robot_008_m_015']]","[92.77819672131147, 10.538752362948962, 13.0]"
0,"[['t_007', 't_006', 'transport_robot_007_m_115', 'transport_robot_000_m_142', 't_005', 't_009', 't_008', 'transport_robot_009_m_105', 't_000', 'transport_robot_005_m_178', 'transport_robot_000_m_167', 't_004', 'transport_robot_004_m_155', 't_001', 'transport_robot_008_m_015', 'transport_robot_003_m_152', 'transport_robot_003_m_144', 't_002', 't_003'], ['t_005', 'transport_robot_005_m_178', 't_006', 'transport_robot_003_m_144', 'transport_robot_009_m_105', 't_003', 't_009', 't_007', 't_008', 'transport_robot_000_m_142', 't_000', 'transport_robot_007_m_115', 't_001', 'transport_robot_000_m_167', 'transport_robot_008_m_015', 't_004', 't_002', 'transport_robot_003_m_152', 'transport_robot_004_m_155'], ['t_008', 'transport_robot_007_m_115', 'transport_robot_008_m_015', 'transport_robot_004_m_155', 'transport_robot_005_m_178', 't_009', 'transport_robot_003_m_152', 't_005', 't_006', 't_007', 'transport_robot_009_m_105', 't_002', 'transport_robot_000_m_142', 't_001', 't_004', 'transport_robot_003_m_144', 'transport_robot_000_m_167', 't_003', 't_000'], ['transport_robot_007_m_115', 'transport_robot_003_m_144', 't_009', 'transport_robot_003_m_152', 'transport_robot_000_m_167', 'transport_robot_000_m_142', 'transport_robot_008_m_015', 't_006', 't_002', 't_001', 't_008', 't_000', 't_004', 'transport_robot_005_m_178', 't_007', 'transport_robot_009_m_105', 'transport_robot_004_m_155', 't_005', 't_003'], ['transport_robot_004_m_155', 't_000', 'transport_robot_000_m_142', 't_007', 'transport_robot_003_m_152', 'transport_robot_000_m_167', 't_002', 't_006', 't_001', 't_003', 'transport_robot_009_m_105', 'transport_robot_008_m_015', 'transport_robot_003_m_144', 'transport_robot_007_m_115', 't_009', 'transport_robot_005_m_178', 't_008', 't_005', 't_004'], ['t_007', 't_009', 't_005', 'transport_robot_009_m_105', 't_000', 't_002', 't_004', 't_001', 'transport_robot_008_m_015', 'transport_robot_003_m_144', 't_006', 'transport_robot_005_m_178', 'transport_robot_004_m_155', 'transport_robot_007_m_115', 'transport_robot_000_m_142', 'transport_robot_003_m_152', 't_003', 'transport_robot_000_m_167', 't_008'], ['t_008', 't_000', 't_007', 'transport_robot_005_m_178', 'transport_robot_007_m_115', 't_004', 'transport_robot_009_m_105', 't_006', 'transport_robot_000_m_167', 't_009', 'transport_robot_003_m_144', 'transport_robot_008_m_015', 't_005', 't_003', 'transport_robot_000_m_142', 'transport_robot_004_m_155', 't_001', 'transport_robot_003_m_152', 't_002'], ['t_007', 't_002', 'transport_robot_000_m_142', 'transport_robot_004_m_155', 't_005', 'transport_robot_003_m_144', 'transport_robot_007_m_115', 't_008', 't_009', 'transport_robot_005_m_178', 't_006', 't_000', 't_004', 't_001', 'transport_robot_008_m_015', 't_003', 'transport_robot_000_m_167', 'transport_robot_009_m_105', 'transport_robot_003_m_152'], ['transport_robot_003_m_144', 't_009', 'transport_robot_000_m_142', 't_001', 'transport_robot_008_m_015', 't_005', 't_003', 'transport_robot_007_m_115', 't_006', 't_004', 'transport_robot_000_m_167', 'transport_robot_005_m_178', 't_000', 't_002', 'transport_robot_004_m_155', 't_008', 'transport_robot_009_m_105', 't_007', 'transport_robot_003_m_152'], ['transport_robot_005_m_178', 't_004', 'transport_robot_009_m_105', 'transport_robot_000_m_167', 't_008', 't_001', 'transport_robot_003_m_152', 'transport_robot_000_m_142', 'transport_robot_003_m_144', 't_006', 't_007', 'transport_robot_004_m_155', 't_003', 't_009', 't_005', 't_002', 'transport_robot_007_m_115', 't_000', 'transport_robot_008_m_015']]","[89.86251366120219, 12.49210958212347, 19.0]"
0,"[['t_007', 't_002', 't_000', 't_006', 't_005', 'transport_robot_007_m_115', 't_009', 'transport_robot_000_m_142', 'transport_robot_003_m_144', 'transport_robot_004_m_155', 'transport_robot_005_m_178', 'transport_robot_000_m_167', 'transport_robot_008_m_015', 't_004', 'transport_robot_009_m_105', 't_001', 'transport_robot_003_m_152', 't_008', 't_003'], ['t_005', 'transport_robot_005_m_178', 't_003', 'transport_robot_009_m_105', 't_009', 't_007', 't_006', 't_008', 't_001', 'transport_robot_000_m_142', 't_000', 'transport_robot_008_m_015', 'transport_robot_007_m_115', 't_004', 'transport_robot_004_m_155', 'transport_robot_003_m_144', 't_002', 'transport_robot_003_m_152', 'transport_robot_000_m_167'], ['t_008', 'transport_robot_007_m_115', 'transport_robot_008_m_015', 'transport_robot_004_m_155', 't_002', 't_000', 'transport_robot_000_m_142', 'transport_robot_005_m_178', 't_009', 't_005', 't_006', 'transport_robot_009_m_105', 't_003', 't_001', 't_004', 't_007', 'transport_robot_000_m_167', 'transport_robot_003_m_144', 'transport_robot_003_m_152'], ['transport_robot_007_m_115', 't_000', 't_009', 'transport_robot_003_m_144', 'transport_robot_000_m_142', 't_008', 'transport_robot_005_m_178', 'transport_robot_004_m_155', 't_001', 'transport_robot_003_m_152', 't_005', 'transport_robot_009_m_105', 't_006', 't_004', 'transport_robot_000_m_167', 't_007', 't_003', 'transport_robot_008_m_015', 't_002'], ['transport_robot_004_m_155', 't_000', 't_006', 't_009', 'transport_robot_003_m_152', 'transport_robot_008_m_015', 't_001', 'transport_robot_005_m_178', 't_002', 't_007', 't_003', 'transport_robot_000_m_142', 'transport_robot_009_m_105', 'transport_robot_003_m_144', 'transport_robot_007_m_115', 'transport_robot_000_m_167', 't_005', 't_008', 't_004'], ['t_007', 't_009', 't_005', 'transport_robot_009_m_105', 'transport_robot_004_m_155', 'transport_robot_008_m_015', 't_002', 'transport_robot_005_m_178', 't_000', 't_001', 'transport_robot_007_m_115', 't_004', 'transport_robot_003_m_152', 't_003', 'transport_robot_000_m_167', 't_008', 'transport_robot_003_m_144', 't_006', 'transport_robot_000_m_142'], ['transport_robot_007_m_115', 't_008', 't_009', 't_007', 'transport_robot_005_m_178', 'transport_robot_009_m_105', 't_006', 'transport_robot_000_m_142', 'transport_robot_003_m_152', 'transport_robot_000_m_167', 't_003', 'transport_robot_003_m_144', 't_005', 't_000', 't_004', 't_001', 'transport_robot_008_m_015', 'transport_robot_004_m_155', 't_002'], ['t_007', 'transport_robot_000_m_142', 'transport_robot_004_m_155', 't_002', 't_008', 't_001', 't_005', 'transport_robot_007_m_115', 't_000', 't_006', 't_004', 'transport_robot_005_m_178', 'transport_robot_003_m_144', 't_003', 't_009', 'transport_robot_008_m_015', 'transport_robot_000_m_167', 'transport_robot_009_m_105', 'transport_robot_003_m_152'], ['transport_robot_008_m_015', 'transport_robot_007_m_115', 'transport_robot_003_m_144', 't_009', 't_002', 't_001', 't_003', 'transport_robot_000_m_142', 't_005', 't_000', 't_004', 'transport_robot_005_m_178', 'transport_robot_000_m_167', 'transport_robot_009_m_105', 'transport_robot_004_m_155', 't_007', 't_008', 'transport_robot_003_m_152', 't_006'], ['t_004', 'transport_robot_003_m_152', 't_007', 'transport_robot_000_m_167', 'transport_robot_007_m_115', 'transport_robot_005_m_178', 't_003', 'transport_robot_003_m_144', 't_005', 't_006', 't_000', 'transport_robot_009_m_105', 'transport_robot_000_m_142', 't_001', 't_002', 't_009', 'transport_robot_008_m_015', 'transport_robot_004_m_155', 't_008']]","[90.76382513661203, 8.641975308641976, 17.0]"
0,"[['t_007', 't_006', 'transport_robot_007_m_115', 'transport_robot_000_m_142', 't_005', 't_009', 'transport_robot_009_m_105', 't_000', 'transport_robot_005_m_178', 't_008', 'transport_robot_000_m_167', 't_004', 'transport_robot_004_m_155', 't_001', 'transport_robot_008_m_015', 'transport_robot_003_m_152', 'transport_robot_003_m_144', 't_002', 't_003'], ['t_005', 'transport_robot_005_m_178', 't_006', 't_008', 'transport_robot_004_m_155', 't_003', 'transport_robot_009_m_105', 't_009', 't_001', 'transport_robot_000_m_142', 't_000', 'transport_robot_007_m_115', 't_002', 'transport_robot_000_m_167', 'transport_robot_008_m_015', 't_004', 'transport_robot_003_m_152', 't_007', 'transport_robot_003_m_144'], ['t_008', 'transport_robot_007_m_115', 'transport_robot_008_m_015', 'transport_robot_004_m_155', 'transport_robot_005_m_178', 't_009', 'transport_robot_003_m_152', 't_005', 't_006', 't_007', 'transport_robot_009_m_105', 't_002', 'transport_robot_000_m_142', 't_001', 't_003', 'transport_robot_003_m_144', 't_004', 'transport_robot_000_m_167', 't_000'], ['transport_robot_007_m_115', 'transport_robot_003_m_144', 'transport_robot_000_m_167', 't_009', 'transport_robot_003_m_152', 'transport_robot_000_m_142', 'transport_robot_008_m_015', 't_008', 't_000', 't_001', 't_004', 'transport_robot_004_m_155', 't_007', 't_006', 't_002', 'transport_robot_005_m_178', 't_005', 't_003', 'transport_robot_009_m_105'], ['transport_robot_004_m_155', 't_000', 'transport_robot_000_m_142', 't_007', 'transport_robot_003_m_152', 'transport_robot_000_m_167', 't_002', 't_006', 't_001', 't_003', 'transport_robot_009_m_105', 'transport_robot_003_m_144', 'transport_robot_007_m_115', 'transport_robot_008_m_015', 't_009', 'transport_robot_005_m_178', 't_008', 't_005', 't_004'], ['t_007', 't_009', 't_005', 't_001', 'transport_robot_009_m_105', 't_002', 'transport_robot_000_m_142', 't_004', 'transport_robot_008_m_015', 'transport_robot_003_m_144', 't_006', 'transport_robot_005_m_178', 'transport_robot_004_m_155', 'transport_robot_007_m_115', 't_000', 'transport_robot_003_m_152', 't_003', 'transport_robot_000_m_167', 't_008'], ['transport_robot_007_m_115', 't_008', 't_000', 'transport_robot_009_m_105', 'transport_robot_005_m_178', 't_007', 't_004', 't_006', 'transport_robot_000_m_167', 't_009', 'transport_robot_003_m_144', 'transport_robot_008_m_015', 't_002', 't_003', 'transport_robot_000_m_142', 't_001', 'transport_robot_004_m_155', 't_005', 'transport_robot_003_m_152'], ['t_007', 'transport_robot_000_m_142', 't_002', 'transport_robot_003_m_144', 'transport_robot_004_m_155', 't_005', 'transport_robot_007_m_115', 't_008', 't_009', 'transport_robot_005_m_178', 't_006', 't_000', 't_004', 't_001', 'transport_robot_000_m_167', 't_003', 'transport_robot_008_m_015', 'transport_robot_003_m_152', 'transport_robot_009_m_105'], ['transport_robot_008_m_015', 'transport_robot_003_m_144', 'transport_robot_000_m_167', 't_009', 't_001', 't_003', 't_002', 't_005', 'transport_robot_007_m_115', 'transport_robot_000_m_142', 't_004', 'transport_robot_009_m_105', 'transport_robot_005_m_178', 't_000', 'transport_robot_004_m_155', 't_008', 't_007', 't_006', 'transport_robot_003_m_152'], ['transport_robot_005_m_178', 't_004', 'transport_robot_009_m_105', 'transport_robot_000_m_167', 't_001', 'transport_robot_003_m_152', 'transport_robot_000_m_142', 'transport_robot_003_m_144', 't_006', 't_007', 'transport_robot_004_m_155', 't_003', 't_005', 't_002', 'transport_robot_007_m_115', 't_000', 'transport_robot_008_m_015', 't_009', 't_008']]","[90.76382513661203, 8.641975308641976, 17.0]"
0,"[['t_000', 't_007', 'transport_robot_008_m_015', 'transport_robot_000_m_167', 'transport_robot_005_m_178', 't_002', 't_009', 't_005', 'transport_robot_003_m_144', 't_001', 't_008', 'transport_robot_000_m_142', 'transport_robot_003_m_152', 'transport_robot_004_m_155', 'transport_robot_007_m_115', 't_006', 'transport_robot_009_m_105', 't_004', 't_003'], ['t_005', 'transport_robot_005_m_178', 'transport_robot_009_m_105', 't_009', 'transport_robot_000_m_142', 't_000', 't_001', 't_004', 't_008', 't_002', 'transport_robot_000_m_167', 'transport_robot_004_m_155', 'transport_robot_007_m_115', 't_003', 'transport_robot_008_m_015', 't_007', 'transport_robot_003_m_144', 't_006', 'transport_robot_003_m_152'], ['t_002', 't_004', 'transport_robot_007_m_115', 'transport_robot_003_m_152', 'transport_robot_008_m_015', 't_008', 'transport_robot_004_m_155', 't_005', 't_006', 't_009', 't_003', 'transport_robot_009_m_105', 't_007', 'transport_robot_005_m_178', 'transport_robot_000_m_142', 't_001', 'transport_robot_000_m_167', 'transport_robot_003_m_144', 't_000'], ['t_009', 'transport_robot_000_m_142', 'transport_robot_003_m_144', 'transport_robot_003_m_152', 'transport_robot_008_m_015', 't_000', 'transport_robot_000_m_167', 't_001', 't_008', 'transport_robot_004_m_155', 't_004', 'transport_robot_005_m_178', 't_007', 't_002', 't_005', 't_006', 't_003', 'transport_robot_009_m_105', 'transport_robot_007_m_115'], ['t_000', 'transport_robot_003_m_152', 't_001', 'transport_robot_005_m_178', 't_007', 'transport_robot_003_m_144', 't_002', 'transport_robot_009_m_105', 'transport_robot_000_m_142', 'transport_robot_004_m_155', 'transport_robot_008_m_015', 't_008', 't_003', 't_004', 't_006', 't_005', 't_009', 'transport_robot_007_m_115', 'transport_robot_000_m_167'], ['t_007', 't_009', 'transport_robot_009_m_105', 't_005', 't_002', 'transport_robot_003_m_144', 't_001', 't_008', 't_003', 'transport_robot_003_m_152', 'transport_robot_004_m_155', 'transport_robot_007_m_115', 't_004', 'transport_robot_000_m_167', 't_006', 't_000', 'transport_robot_008_m_015', 'transport_robot_000_m_142', 'transport_robot_005_m_178'], ['t_002', 't_001', 'transport_robot_005_m_178', 't_007', 't_004', 'transport_robot_007_m_115', 't_008', 'transport_robot_009_m_105', 't_005', 'transport_robot_000_m_167', 't_009', 'transport_robot_003_m_144', 'transport_robot_000_m_142', 't_000', 't_006', 'transport_robot_003_m_152', 't_003', 'transport_robot_008_m_015', 'transport_robot_004_m_155'], ['transport_robot_004_m_155', 'transport_robot_000_m_142', 't_005', 't_002', 'transport_robot_000_m_167', 't_008', 'transport_robot_008_m_015', 'transport_robot_007_m_115', 'transport_robot_005_m_178', 't_000', 't_006', 't_004', 'transport_robot_003_m_144', 't_007', 't_001', 't_009', 't_003', 'transport_robot_009_m_105', 'transport_robot_003_m_152'], ['transport_robot_003_m_144', 't_009', 't_006', 't_002', 't_000', 't_001', 't_003', 'transport_robot_008_m_015', 'transport_robot_004_m_155', 'transport_robot_009_m_105', 't_007', 't_004', 'transport_robot_005_m_178', 't_005', 'transport_robot_000_m_167', 't_008', 'transport_robot_003_m_152', 'transport_robot_007_m_115', 'transport_robot_000_m_142'], ['t_009', 'transport_robot_003_m_152', 't_003', 'transport_robot_005_m_178', 'transport_robot_004_m_155', 't_006', 'transport_robot_009_m_105', 't_001', 't_005', 'transport_robot_000_m_167', 'transport_robot_000_m_142', 'transport_robot_007_m_115', 't_007', 't_004', 't_002', 't_000', 'transport_robot_003_m_144', 'transport_robot_008_m_015', 't_008']]","[80.83153005464482, 9.375, 18.0]"
0,"[['t_007', 't_002', 't_006', 'transport_robot_007_m_115', 't_009', 't_000', 'transport_robot_000_m_142', 't_005', 'transport_robot_004_m_155', 'transport_robot_005_m_178', 'transport_robot_003_m_144', 'transport_robot_009_m_105', 't_004', 'transport_robot_000_m_167', 'transport_robot_008_m_015', 'transport_robot_003_m_152', 't_001', 't_008', 't_003'], ['t_005', 'transport_robot_005_m_178', 't_006', 'transport_robot_004_m_155', 't_001', 't_007', 'transport_robot_007_m_115', 'transport_robot_009_m_105', 't_009', 'transport_robot_000_m_142', 't_000', 'transport_robot_008_m_015', 'transport_robot_000_m_167', 't_008', 't_002', 'transport_robot_003_m_152', 't_004', 't_003', 'transport_robot_003_m_144'], ['t_008', 'transport_robot_004_m_155', 't_002', 'transport_robot_007_m_115', 't_000', 't_009', 'transport_robot_005_m_178', 'transport_robot_008_m_015', 'transport_robot_003_m_152', 't_006', 't_005', 't_004', 't_001', 'transport_robot_009_m_105', 't_007', 'transport_robot_000_m_167', 't_003', 'transport_robot_003_m_144', 'transport_robot_000_m_142'], ['transport_robot_009_m_105', 't_009', 'transport_robot_003_m_144', 'transport_robot_000_m_142', 'transport_robot_004_m_155', 'transport_robot_000_m_167', 'transport_robot_008_m_015', 't_001', 't_000', 'transport_robot_005_m_178', 't_007', 't_008', 't_004', 'transport_robot_003_m_152', 't_005', 't_006', 'transport_robot_007_m_115', 't_003', 't_002'], ['t_000', 'transport_robot_004_m_155', 't_006', 'transport_robot_003_m_152', 'transport_robot_000_m_142', 't_002', 't_001', 'transport_robot_000_m_167', 't_007', 'transport_robot_009_m_105', 't_003', 'transport_robot_007_m_115', 'transport_robot_003_m_144', 't_004', 'transport_robot_005_m_178', 't_009', 'transport_robot_008_m_015', 't_005', 't_008'], ['t_007', 't_009', 't_005', 'transport_robot_004_m_155', 't_001', 't_002', 'transport_robot_009_m_105', 't_004', 'transport_robot_008_m_015', 't_000', 'transport_robot_007_m_115', 'transport_robot_003_m_144', 'transport_robot_000_m_142', 'transport_robot_003_m_152', 'transport_robot_000_m_167', 't_008', 't_006', 't_003', 'transport_robot_005_m_178'], ['transport_robot_007_m_115', 't_008', 'transport_robot_009_m_105', 't_004', 'transport_robot_005_m_178', 't_007', 'transport_robot_000_m_167', 't_009', 'transport_robot_003_m_144', 't_005', 't_006', 't_001', 't_000', 'transport_robot_003_m_152', 't_003', 'transport_robot_000_m_142', 'transport_robot_008_m_015', 'transport_robot_004_m_155', 't_002'], ['t_007', 't_002', 'transport_robot_009_m_105', 't_005', 'transport_robot_008_m_015', 't_008', 'transport_robot_000_m_142', 'transport_robot_007_m_115', 't_006', 't_000', 't_004', 'transport_robot_000_m_167', 'transport_robot_003_m_144', 't_003', 'transport_robot_004_m_155', 'transport_robot_005_m_178', 't_009', 't_001', 'transport_robot_003_m_152'], ['transport_robot_008_m_015', 'transport_robot_003_m_144', 't_002', 't_009', 't_001', 't_003', 't_004', 't_000', 'transport_robot_000_m_142', 'transport_robot_007_m_115', 'transport_robot_005_m_178', 'transport_robot_000_m_167', 't_005', 't_006', 't_007', 'transport_robot_009_m_105', 'transport_robot_004_m_155', 't_008', 'transport_robot_003_m_152'], ['t_004', 'transport_robot_009_m_105', 'transport_robot_004_m_155', 'transport_robot_003_m_152', 't_003', 't_000', 't_007', 't_006', 'transport_robot_005_m_178', 'transport_robot_007_m_115', 't_005', 'transport_robot_000_m_167', 'transport_robot_000_m_142', 'transport_robot_003_m_144', 't_008', 't_001', 't_002', 't_009', 'transport_robot_008_m_015']]","[90.76382513661203, 8.641975308641976, 17.0]"
0,"[['t_007', 't_002', 't_006', 't_000', 't_009', 'transport_robot_000_m_142', 't_005', 'transport_robot_004_m_155', 'transport_robot_009_m_105', 't_004', 'transport_robot_005_m_178', 'transport_robot_007_m_115', 'transport_robot_003_m_144', 'transport_robot_000_m_167', 'transport_robot_008_m_015', 'transport_robot_003_m_152', 't_001', 't_008', 't_003'], ['t_005', 'transport_robot_005_m_178', 't_006', 't_001', 't_008', 'transport_robot_009_m_105', 't_009', 'transport_robot_000_m_142', 't_000', 't_004', 'transport_robot_000_m_167', 'transport_robot_004_m_155', 'transport_robot_007_m_115', 't_003', 'transport_robot_008_m_015', 't_007', 't_002', 'transport_robot_003_m_152', 'transport_robot_003_m_144'], ['t_008', 'transport_robot_007_m_115', 'transport_robot_008_m_015', 'transport_robot_004_m_155', 'transport_robot_005_m_178', 't_002', 'transport_robot_000_m_142', 't_005', 't_006', 't_009', 't_003', 'transport_robot_009_m_105', 't_001', 't_004', 't_007', 'transport_robot_000_m_167', 'transport_robot_003_m_144', 'transport_robot_003_m_152', 't_000'], ['transport_robot_009_m_105', 't_009', 'transport_robot_000_m_142', 'transport_robot_003_m_144', 'transport_robot_003_m_152', 'transport_robot_008_m_015', 't_000', 'transport_robot_005_m_178', 'transport_robot_000_m_167', 't_001', 't_008', 't_007', 't_005', 't_004', 'transport_robot_004_m_155', 't_006', 'transport_robot_007_m_115', 't_003', 't_002'], ['transport_robot_004_m_155', 't_000', 't_006', 't_007', 'transport_robot_003_m_152', 'transport_robot_000_m_142', 't_002', 'transport_robot_009_m_105', 't_003', 'transport_robot_008_m_015', 'transport_robot_005_m_178', 'transport_robot_003_m_144', 'transport_robot_007_m_115', 't_009', 't_008', 't_001', 'transport_robot_000_m_167', 't_005', 't_004'], ['t_007', 't_009', 't_005', 'transport_robot_004_m_155', 't_001', 'transport_robot_009_m_105', 't_002', 'transport_robot_003_m_144', 'transport_robot_000_m_167', 't_004', 't_000', 'transport_robot_007_m_115', 'transport_robot_003_m_152', 'transport_robot_008_m_015', 't_003', 't_008', 't_006', 'transport_robot_000_m_142', 'transport_robot_005_m_178'], ['transport_robot_007_m_115', 't_008', 'transport_robot_005_m_178', 't_007', 't_004', 't_000', 'transport_robot_009_m_105', 't_006', 't_005', 'transport_robot_000_m_167', 't_009', 'transport_robot_003_m_144', 'transport_robot_000_m_142', 'transport_robot_003_m_152', 't_003', 'transport_robot_008_m_015', 't_001', 'transport_robot_004_m_155', 't_002'], ['t_007', 'transport_robot_000_m_142', 't_008', 't_002', 't_005', 't_001', 't_009', 'transport_robot_007_m_115', 't_006', 'transport_robot_003_m_144', 'transport_robot_004_m_155', 'transport_robot_005_m_178', 't_000', 't_004', 't_003', 'transport_robot_008_m_015', 'transport_robot_000_m_167', 'transport_robot_009_m_105', 'transport_robot_003_m_152'], ['transport_robot_008_m_015', 'transport_robot_003_m_144', 'transport_robot_000_m_167', 't_009', 't_002', 't_001', 't_003', 't_005', 'transport_robot_007_m_115', 'transport_robot_000_m_142', 't_004', 'transport_robot_009_m_105', 'transport_robot_004_m_155', 'transport_robot_005_m_178', 't_000', 't_008', 't_006', 'transport_robot_003_m_152', 't_007'], ['t_009', 'transport_robot_003_m_152', 't_003', 'transport_robot_005_m_178', 'transport_robot_004_m_155', 't_006', 't_000', 'transport_robot_009_m_105', 't_001', 't_005', 'transport_robot_000_m_167', 'transport_robot_000_m_142', 'transport_robot_003_m_144', 'transport_robot_007_m_115', 't_007', 'transport_robot_008_m_015', 't_004', 't_008', 't_002']]","[90.76382513661203, 8.641975308641976, 17.0]"
0,"[['transport_robot_003_m_144', 't_002', 't_006', 'transport_robot_007_m_115', 't_005', 't_009', 't_001', 't_000', 'transport_robot_000_m_142', 'transport_robot_004_m_155', 't_007', 'transport_robot_005_m_178', 'transport_robot_009_m_105', 'transport_robot_000_m_167', 'transport_robot_003_m_152', 'transport_robot_008_m_015', 't_004', 't_008', 't_003'], ['t_005', 'transport_robot_005_m_178', 't_006', 'transport_robot_004_m_155', 't_001', 't_007', 'transport_robot_007_m_115', 'transport_robot_009_m_105', 't_009', 'transport_robot_000_m_142', 't_000', 'transport_robot_008_m_015', 'transport_robot_000_m_167', 't_008', 't_002', 'transport_robot_003_m_152', 't_003', 't_004', 'transport_robot_003_m_144'], ['t_008', 'transport_robot_007_m_115', 'transport_robot_003_m_152', 'transport_robot_000_m_167', 'transport_robot_005_m_178', 't_002', 't_006', 'transport_robot_000_m_142', 't_009', 't_003', 't_005', 't_000', 'transport_robot_008_m_015', 't_004', 't_001', 'transport_robot_009_m_105', 't_007', 'transport_robot_004_m_155', 'transport_robot_003_m_144'], ['t_009', 'transport_robot_003_m_144', 'transport_robot_000_m_167', 't_000', 'transport_robot_005_m_178', 't_007', 'transport_robot_008_m_015', 't_006', 't_002', 't_001', 't_008', 't_005', 'transport_robot_000_m_142', 't_004', 'transport_robot_003_m_152', 'transport_robot_007_m_115', 'transport_robot_004_m_155', 'transport_robot_009_m_105', 't_003'], ['transport_robot_004_m_155', 't_000', 't_006', 'transport_robot_003_m_152', 'transport_robot_000_m_142', 't_001', 't_007', 't_003', 't_002', 'transport_robot_009_m_105', 'transport_robot_000_m_167', 't_004', 'transport_robot_007_m_115', 'transport_robot_003_m_144', 'transport_robot_005_m_178', 't_009', 'transport_robot_008_m_015', 't_005', 't_008'], ['t_007', 'transport_robot_009_m_105', 't_005', 't_002', 'transport_robot_005_m_178', 'transport_robot_004_m_155', 't_009', 't_004', 'transport_robot_008_m_015', 't_000', 'transport_robot_007_m_115', 'transport_robot_003_m_144', 'transport_robot_000_m_142', 'transport_robot_003_m_152', 'transport_robot_000_m_167', 't_008', 't_006', 't_003', 't_001'], ['transport_robot_007_m_115', 't_008', 't_009', 't_007', 'transport_robot_005_m_178', 't_004', 'transport_robot_000_m_167', 'transport_robot_009_m_105', 'transport_robot_003_m_144', 't_005', 't_006', 't_001', 't_000', 'transport_robot_003_m_152', 't_003', 'transport_robot_000_m_142', 'transport_robot_008_m_015', 'transport_robot_004_m_155', 't_002'], ['t_007', 't_002', 'transport_robot_009_m_105', 't_005', 'transport_robot_008_m_015', 't_008', 'transport_robot_007_m_115', 'transport_robot_003_m_144', 'transport_robot_005_m_178', 't_000', 't_006', 't_004', 't_001', 'transport_robot_000_m_142', 'transport_robot_000_m_167', 't_003', 'transport_robot_004_m_155', 't_009', 'transport_robot_003_m_152'], ['transport_robot_008_m_015', 'transport_robot_003_m_144', 't_002', 't_009', 't_001', 't_003', 't_004', 't_000', 'transport_robot_005_m_178', 't_005', 'transport_robot_000_m_142', 'transport_robot_007_m_115', 'transport_robot_000_m_167', 'transport_robot_003_m_152', 'transport_robot_009_m_105', 't_008', 't_007', 'transport_robot_004_m_155', 't_006'], ['t_004', 'transport_robot_009_m_105', 't_009', 'transport_robot_003_m_152', 't_003', 't_000', 't_007', 't_006', 'transport_robot_005_m_178', 'transport_robot_007_m_115', 't_005', 'transport_robot_000_m_167', 'transport_robot_000_m_142', 'transport_robot_003_m_144', 't_008', 't_001', 't_002', 'transport_robot_008_m_015', 'transport_robot_004_m_155']]","[90.76382513661203, 8.641975308641976, 17.0]"
0,"[['transport_robot_003_m_144', 't_002', 't_008', 't_007', 'transport_robot_008_m_015', 't_009', 'transport_robot_005_m_178', 't_004', 'transport_robot_000_m_167', 't_001', 't_000', 't_005', 'transport_robot_003_m_152', 'transport_robot_004_m_155', 'transport_robot_007_m_115', 't_006', 't_003', 'transport_robot_009_m_105', 'transport_robot_000_m_142'], ['transport_robot_005_m_178', 'transport_robot_009_m_105', 't_003', 'transport_robot_008_m_015', 't_005', 't_007', 't_009', 't_001', 'transport_robot_003_m_144', 'transport_robot_000_m_142', 'transport_robot_007_m_115', 't_008', 't_002', 'transport_robot_003_m_152', 't_000', 'transport_robot_000_m_167', 't_004', 't_006', 'transport_robot_004_m_155'], ['t_000', 'transport_robot_007_m_115', 't_002', 'transport_robot_005_m_178', 'transport_robot_003_m_152', 'transport_robot_008_m_015', 'transport_robot_004_m_155', 't_001', 'transport_robot_009_m_105', 't_004', 't_007', 't_005', 'transport_robot_000_m_142', 't_003', 'transport_robot_000_m_167', 't_008', 'transport_robot_003_m_144', 't_006', 't_009'], ['t_004', 'transport_robot_004_m_155', 't_009', 't_003', 't_005', 't_006', 'transport_robot_003_m_152', 'transport_robot_005_m_178', 't_000', 'transport_robot_003_m_144', 'transport_robot_007_m_115', 'transport_robot_008_m_015', 'transport_robot_009_m_105', 't_008', 't_002', 't_007', 'transport_robot_000_m_142', 'transport_robot_000_m_167', 't_001'], ['t_002', 'transport_robot_000_m_142', 't_001', 'transport_robot_004_m_155', 't_007', 't_000', 't_003', 't_008', 't_009', 'transport_robot_009_m_105', 'transport_robot_007_m_115', 'transport_robot_003_m_152', 'transport_robot_008_m_015', 't_004', 't_006', 't_005', 'transport_robot_000_m_167', 'transport_robot_005_m_178', 'transport_robot_003_m_144'], ['t_007', 't_002', 'transport_robot_003_m_152', 'transport_robot_005_m_178', 't_001', 'transport_robot_008_m_015', 'transport_robot_000_m_167', 't_009', 'transport_robot_009_m_105', 'transport_robot_003_m_144', 't_008', 't_005', 'transport_robot_004_m_155', 't_004', 't_006', 't_000', 't_003', 'transport_robot_000_m_142', 'transport_robot_007_m_115'], ['t_008', 't_000', 'transport_robot_005_m_178', 't_007', 't_004', 't_005', 't_009', 'transport_robot_003_m_144', 'transport_robot_000_m_167', 't_001', 'transport_robot_004_m_155', 'transport_robot_008_m_015', 'transport_robot_003_m_152', 'transport_robot_000_m_142', 't_006', 'transport_robot_007_m_115', 'transport_robot_009_m_105', 't_003', 't_002'], ['transport_robot_004_m_155', 't_005', 'transport_robot_000_m_167', 'transport_robot_000_m_142', 'transport_robot_005_m_178', 't_000', 't_002', 't_008', 't_007', 'transport_robot_008_m_015', 't_009', 't_001', 't_004', 'transport_robot_007_m_115', 'transport_robot_003_m_144', 't_003', 't_006', 'transport_robot_009_m_105', 'transport_robot_003_m_152'], ['t_001', 't_009', 't_006', 't_003', 't_002', 't_007', 'transport_robot_008_m_015', 'transport_robot_004_m_155', 'transport_robot_009_m_105', 'transport_robot_003_m_152', 'transport_robot_000_m_167', 'transport_robot_000_m_142', 'transport_robot_005_m_178', 't_005', 'transport_robot_007_m_115', 't_008', 't_004', 'transport_robot_003_m_144', 't_000'], ['transport_robot_008_m_015', 't_004', 'transport_robot_007_m_115', 'transport_robot_009_m_105', 't_002', 't_003', 'transport_robot_000_m_167', 'transport_robot_005_m_178', 't_009', 'transport_robot_000_m_142', 'transport_robot_003_m_152', 't_005', 'transport_robot_004_m_155', 't_008', 't_001', 't_007', 'transport_robot_003_m_144', 't_006', 't_000']]","[100.60650273224044, 16.6, 13.0]"
0,"[['t_007', 't_005', 't_000', 't_006', 't_002', 'transport_robot_007_m_115', 't_009', 'transport_robot_000_m_142', 'transport_robot_003_m_144', 'transport_robot_004_m_155', 'transport_robot_005_m_178', 'transport_robot_000_m_167', 'transport_robot_008_m_015', 'transport_robot_009_m_105', 't_004', 't_001', 'transport_robot_003_m_152', 't_008', 't_003'], ['t_005', 'transport_robot_005_m_178', 't_003', 'transport_robot_004_m_155', 'transport_robot_009_m_105', 't_009', 't_006', 't_008', 't_001', 'transport_robot_000_m_142', 't_000', 'transport_robot_008_m_015', 'transport_robot_007_m_115', 't_004', 't_002', 'transport_robot_000_m_167', 't_007', 'transport_robot_003_m_152', 'transport_robot_003_m_144'], ['t_008', 'transport_robot_007_m_115', 't_000', 'transport_robot_004_m_155', 't_002', 'transport_robot_000_m_142', 'transport_robot_005_m_178', 't_009', 't_003', 't_006', 't_005', 'transport_robot_009_m_105', 't_001', 'transport_robot_000_m_167', 't_004', 't_007', 'transport_robot_003_m_144', 'transport_robot_003_m_152', 'transport_robot_008_m_015'], ['transport_robot_007_m_115', 't_000', 't_009', 'transport_robot_000_m_167', 't_008', 'transport_robot_003_m_144', 'transport_robot_000_m_142', 'transport_robot_003_m_152', 't_005', 't_001', 'transport_robot_009_m_105', 'transport_robot_004_m_155', 't_006', 't_004', 'transport_robot_005_m_178', 't_007', 't_003', 't_002', 'transport_robot_008_m_015'], ['transport_robot_004_m_155', 't_000', 't_006', 't_009', 'transport_robot_003_m_152', 'transport_robot_000_m_142', 't_002', 't_005', 'transport_robot_005_m_178', 't_001', 't_007', 't_003', 'transport_robot_009_m_105', 'transport_robot_008_m_015', 'transport_robot_003_m_144', 'transport_robot_007_m_115', 't_008', 'transport_robot_000_m_167', 't_004'], ['t_007', 't_009', 'transport_robot_009_m_105', 't_005', 'transport_robot_003_m_144', 'transport_robot_004_m_155', 't_002', 'transport_robot_008_m_015', 'transport_robot_005_m_178', 't_000', 't_001', 'transport_robot_007_m_115', 'transport_robot_003_m_152', 't_003', 't_006', 'transport_robot_000_m_142', 't_004', 'transport_robot_000_m_167', 't_008'], ['transport_robot_007_m_115', 't_008', 't_009', 't_007', 'transport_robot_005_m_178', 'transport_robot_009_m_105', 't_005', 't_006', 'transport_robot_000_m_167', 'transport_robot_000_m_142', 'transport_robot_003_m_152', 't_004', 't_001', 'transport_robot_003_m_144', 't_000', 't_003', 'transport_robot_008_m_015', 'transport_robot_004_m_155', 't_002'], ['t_007', 'transport_robot_000_m_142', 't_008', 't_002', 't_005', 'transport_robot_004_m_155', 'transport_robot_007_m_115', 'transport_robot_003_m_144', 'transport_robot_005_m_178', 't_001', 't_000', 't_006', 't_004', 'transport_robot_000_m_167', 't_003', 't_009', 'transport_robot_008_m_015', 'transport_robot_009_m_105', 'transport_robot_003_m_152'], ['transport_robot_008_m_015', 't_009', 't_001', 't_002', 'transport_robot_000_m_142', 'transport_robot_007_m_115', 'transport_robot_003_m_144', 't_003', 't_007', 't_005', 't_000', 't_004', 'transport_robot_005_m_178', 'transport_robot_000_m_167', 'transport_robot_009_m_105', 'transport_robot_004_m_155', 't_008', 't_006', 'transport_robot_003_m_152'], ['t_004', 't_007', 'transport_robot_004_m_155', 'transport_robot_000_m_167', 'transport_robot_007_m_115', 'transport_robot_003_m_152', 't_003', 'transport_robot_005_m_178', 'transport_robot_003_m_144', 't_005', 't_006', 't_000', 'transport_robot_009_m_105', 'transport_robot_000_m_142', 't_001', 't_002', 't_009', 'transport_robot_008_m_015', 't_008']]","[90.76382513661203, 8.641975308641976, 17.0]"
0,"[['t_007', 't_002', 'transport_robot_000_m_142', 't_005', 'transport_robot_007_m_115', 't_006', 't_000', 't_001', 't_009', 'transport_robot_003_m_144', 'transport_robot_004_m_155', 'transport_robot_005_m_178', 't_004', 'transport_robot_000_m_167', 'transport_robot_009_m_105', 't_008', 'transport_robot_008_m_015', 'transport_robot_003_m_152', 't_003'], ['t_005', 'transport_robot_005_m_178', 't_007', 'transport_robot_004_m_155', 'transport_robot_009_m_105', 't_008', 'transport_robot_000_m_142', 't_000', 't_001', 't_003', 't_009', 'transport_robot_008_m_015', 't_004', 'transport_robot_007_m_115', 't_002', 't_006', 'transport_robot_003_m_152', 'transport_robot_000_m_167', 'transport_robot_003_m_144'], ['t_008', 'transport_robot_007_m_115', 'transport_robot_008_m_015', 'transport_robot_004_m_155', 't_002', 't_004', 'transport_robot_000_m_142', 't_000', 't_009', 'transport_robot_009_m_105', 't_001', 'transport_robot_000_m_167', 't_005', 'transport_robot_005_m_178', 't_006', 't_007', 'transport_robot_003_m_144', 'transport_robot_003_m_152', 't_003'], ['t_009', 'transport_robot_007_m_115', 'transport_robot_003_m_144', 'transport_robot_003_m_152', 't_000', 'transport_robot_008_m_015', 'transport_robot_000_m_167', 't_005', 't_008', 't_001', 't_004', 'transport_robot_000_m_142', 't_006', 't_002', 'transport_robot_009_m_105', 'transport_robot_005_m_178', 'transport_robot_004_m_155', 't_007', 't_003'], ['transport_robot_004_m_155', 't_000', 't_006', 'transport_robot_003_m_152', 't_002', 't_007', 'transport_robot_009_m_105', 't_003', 'transport_robot_003_m_144', 't_009', 'transport_robot_007_m_115', 'transport_robot_005_m_178', 'transport_robot_000_m_142', 't_005', 'transport_robot_008_m_015', 't_001', 'transport_robot_000_m_167', 't_008', 't_004'], ['t_007', 't_009', 'transport_robot_009_m_105', 't_005', 'transport_robot_008_m_015', 't_000', 't_002', 'transport_robot_005_m_178', 'transport_robot_004_m_155', 't_003', 't_001', 'transport_robot_007_m_115', 't_004', 'transport_robot_003_m_152', 'transport_robot_000_m_167', 't_008', 't_006', 'transport_robot_000_m_142', 'transport_robot_003_m_144'], ['transport_robot_007_m_115', 't_008', 't_009', 'transport_robot_009_m_105', 'transport_robot_005_m_178', 't_007', 't_000', 't_006', 'transport_robot_000_m_167', 't_004', 'transport_robot_000_m_142', 'transport_robot_003_m_144', 'transport_robot_004_m_155', 'transport_robot_003_m_152', 't_003', 't_001', 't_005', 'transport_robot_008_m_015', 't_002'], ['t_007', 'transport_robot_000_m_142', 't_008', 't_002', 'transport_robot_007_m_115', 'transport_robot_005_m_178', 't_006', 'transport_robot_004_m_155', 't_005', 't_000', 't_004', 'transport_robot_003_m_144', 't_001', 't_003', 't_009', 'transport_robot_008_m_015', 'transport_robot_000_m_167', 'transport_robot_009_m_105', 'transport_robot_003_m_152'], ['transport_robot_008_m_015', 'transport_robot_003_m_144', 'transport_robot_000_m_167', 't_009', 'transport_robot_009_m_105', 't_003', 't_005', 't_000', 't_004', 't_007', 't_008', 'transport_robot_007_m_115', 'transport_robot_000_m_142', 't_006', 't_001', 'transport_robot_005_m_178', 'transport_robot_003_m_152', 't_002', 'transport_robot_004_m_155'], ['transport_robot_004_m_155', 'transport_robot_009_m_105', 'transport_robot_007_m_115', 'transport_robot_000_m_167', 't_003', 't_006', 'transport_robot_000_m_142', 'transport_robot_003_m_144', 't_005', 't_007', 't_001', 't_000', 't_002', 'transport_robot_005_m_178', 't_009', 'transport_robot_003_m_152', 't_004', 'transport_robot_008_m_015', 't_008']]","[90.76382513661203, 8.641975308641976, 17.0]"
0,"[['t_005', 't_000', 't_007', 't_002', 't_009', 'transport_robot_000_m_142', 't_006', 'transport_robot_004_m_155', 't_008', 'transport_robot_007_m_115', 'transport_robot_003_m_144', 'transport_robot_005_m_178', 'transport_robot_000_m_167', 'transport_robot_008_m_015', 'transport_robot_009_m_105', 't_004', 't_001', 'transport_robot_003_m_152', 't_003'], ['t_005', 'transport_robot_005_m_178', 't_006', 't_001', 't_009', 'transport_robot_000_m_142', 't_004', 'transport_robot_009_m_105', 'transport_robot_000_m_167', 't_000', 't_008', 't_002', 'transport_robot_008_m_015', 'transport_robot_003_m_144', 't_007', 'transport_robot_004_m_155', 'transport_robot_007_m_115', 'transport_robot_003_m_152', 't_003'], ['t_006', 'transport_robot_005_m_178', 'transport_robot_007_m_115', 't_005', 't_009', 'transport_robot_003_m_152', 'transport_robot_000_m_142', 'transport_robot_000_m_167', 't_000', 'transport_robot_004_m_155', 't_003', 'transport_robot_009_m_105', 't_001', 't_004', 't_007', 'transport_robot_008_m_015', 't_008', 'transport_robot_003_m_144', 't_002'], ['transport_robot_009_m_105', 't_009', 'transport_robot_003_m_144', 't_008', 't_001', 'transport_robot_003_m_152', 't_000', 't_007', 'transport_robot_000_m_142', 'transport_robot_008_m_015', 'transport_robot_000_m_167', 'transport_robot_005_m_178', 't_005', 'transport_robot_007_m_115', 't_006', 't_002', 't_004', 't_003', 'transport_robot_004_m_155'], ['transport_robot_003_m_152', 'transport_robot_004_m_155', 't_004', 't_001', 't_000', 't_009', 't_003', 'transport_robot_007_m_115', 'transport_robot_000_m_142', 't_005', 't_002', 'transport_robot_009_m_105', 'transport_robot_008_m_015', 'transport_robot_005_m_178', 'transport_robot_003_m_144', 't_008', 't_007', 't_006', 'transport_robot_000_m_167'], ['transport_robot_000_m_142', 'transport_robot_009_m_105', 't_005', 't_002', 'transport_robot_003_m_144', 't_006', 't_001', 't_007', 't_009', 'transport_robot_004_m_155', 'transport_robot_000_m_167', 't_004', 't_000', 'transport_robot_007_m_115', 'transport_robot_003_m_152', 'transport_robot_008_m_015', 't_003', 't_008', 'transport_robot_005_m_178'], ['t_002', 't_009', 'transport_robot_003_m_152', 't_007', 't_001', 't_000', 'transport_robot_009_m_105', 't_004', 'transport_robot_005_m_178', 'transport_robot_000_m_167', 't_008', 't_003', 'transport_robot_003_m_144', 'transport_robot_004_m_155', 'transport_robot_008_m_015', 't_006', 'transport_robot_007_m_115', 'transport_robot_000_m_142', 't_005'], ['t_007', 'transport_robot_000_m_142', 't_002', 't_005', 't_009', 't_008', 'transport_robot_007_m_115', 'transport_robot_008_m_015', 'transport_robot_005_m_178', 't_006', 't_000', 't_004', 'transport_robot_003_m_144', 't_003', 't_001', 'transport_robot_004_m_155', 'transport_robot_000_m_167', 'transport_robot_009_m_105', 'transport_robot_003_m_152'], ['t_001', 't_009', 't_003', 't_005', 't_002', 'transport_robot_005_m_178', 't_007', 'transport_robot_008_m_015', 'transport_robot_004_m_155', 'transport_robot_009_m_105', 't_000', 'transport_robot_003_m_152', 'transport_robot_000_m_167', 'transport_robot_000_m_142', 't_008', 't_004', 'transport_robot_003_m_144', 'transport_robot_007_m_115', 't_006'], ['transport_robot_000_m_142', 't_000', 't_006', 't_009', 'transport_robot_000_m_167', 'transport_robot_009_m_105', 'transport_robot_003_m_144', 't_008', 't_003', 'transport_robot_005_m_178', 't_005', 't_001', 't_002', 'transport_robot_007_m_115', 't_007', 'transport_robot_008_m_015', 'transport_robot_004_m_155', 't_004', 'transport_robot_003_m_152']]","[90.76693989071038, 8.641975308641976, 17.0]"
0,"[['t_007', 't_002', 't_006', 't_000', 'transport_robot_007_m_115', 't_009', 'transport_robot_000_m_142', 't_005', 'transport_robot_003_m_144', 'transport_robot_004_m_155', 'transport_robot_005_m_178', 'transport_robot_000_m_167', 'transport_robot_008_m_015', 'transport_robot_009_m_105', 't_004', 't_001', 'transport_robot_003_m_152', 't_008', 't_003'], ['t_005', 'transport_robot_005_m_178', 't_007', 'transport_robot_004_m_155', 'transport_robot_009_m_105', 't_009', 't_006', 't_008', 't_001', 'transport_robot_000_m_142', 't_000', 'transport_robot_008_m_015', 't_004', 'transport_robot_007_m_115', 'transport_robot_003_m_152', 't_002', 't_003', 'transport_robot_003_m_144', 'transport_robot_000_m_167'], ['t_008', 'transport_robot_007_m_115', 'transport_robot_008_m_015', 'transport_robot_004_m_155', 't_002', 't_000', 'transport_robot_000_m_142', 'transport_robot_005_m_178', 't_009', 't_003', 't_005', 't_006', 't_001', 't_004', 'transport_robot_009_m_105', 't_007', 'transport_robot_000_m_167', 'transport_robot_003_m_144', 'transport_robot_003_m_152'], ['t_005', 'transport_robot_007_m_115', 't_000', 'transport_robot_000_m_142', 'transport_robot_003_m_144', 'transport_robot_000_m_167', 't_008', 'transport_robot_003_m_152', 't_009', 't_001', 'transport_robot_009_m_105', 'transport_robot_004_m_155', 't_006', 't_004', 'transport_robot_005_m_178', 't_007', 't_003', 'transport_robot_008_m_015', 't_002'], ['transport_robot_004_m_155', 't_000', 't_006', 'transport_robot_003_m_152', 'transport_robot_005_m_178', 't_002', 't_001', 't_003', 't_007', 'transport_robot_000_m_142', 't_009', 't_004', 'transport_robot_008_m_015', 'transport_robot_003_m_144', 'transport_robot_007_m_115', 't_008', 't_005', 'transport_robot_000_m_167', 'transport_robot_009_m_105'], ['t_007', 't_009', 'transport_robot_009_m_105', 't_005', 'transport_robot_004_m_155', 'transport_robot_008_m_015', 't_002', 'transport_robot_005_m_178', 't_000', 't_001', 'transport_robot_007_m_115', 'transport_robot_003_m_152', 't_006', 'transport_robot_003_m_144', 't_004', 't_003', 'transport_robot_000_m_167', 't_008', 'transport_robot_000_m_142'], ['transport_robot_007_m_115', 't_008', 't_009', 'transport_robot_005_m_178', 'transport_robot_009_m_105', 't_007', 't_006', 'transport_robot_000_m_167', 'transport_robot_000_m_142', 'transport_robot_003_m_152', 't_003', 'transport_robot_003_m_144', 't_005', 't_000', 't_004', 't_001', 'transport_robot_008_m_015', 'transport_robot_004_m_155', 't_002'], ['t_007', 'transport_robot_000_m_142', 't_008', 't_002', 'transport_robot_004_m_155', 'transport_robot_003_m_144', 't_005', 'transport_robot_007_m_115', 'transport_robot_005_m_178', 't_000', 't_006', 't_004', 't_001', 't_003', 't_009', 'transport_robot_003_m_152', 'transport_robot_000_m_167', 'transport_robot_008_m_015', 'transport_robot_009_m_105'], ['transport_robot_008_m_015', 't_009', 't_002', 'transport_robot_007_m_115', 'transport_robot_003_m_144', 't_003', 't_007', 't_001', 'transport_robot_000_m_142', 't_005', 't_000', 't_004', 'transport_robot_005_m_178', 'transport_robot_000_m_167', 'transport_robot_009_m_105', 'transport_robot_004_m_155', 't_008', 'transport_robot_003_m_152', 't_006'], ['t_004', 't_007', 'transport_robot_000_m_167', 'transport_robot_007_m_115', 'transport_robot_003_m_144', 'transport_robot_003_m_152', 't_003', 'transport_robot_005_m_178', 't_005', 't_006', 't_000', 'transport_robot_009_m_105', 'transport_robot_000_m_142', 't_001', 't_002', 't_009', 'transport_robot_008_m_015', 'transport_robot_004_m_155', 't_008']]","[90.76382513661203, 8.641975308641976, 17.0]"
0,"[['t_007', 't_006', 'transport_robot_007_m_115', 'transport_robot_000_m_142', 't_005', 't_009', 't_008', 'transport_robot_009_m_105', 't_000', 'transport_robot_005_m_178', 'transport_robot_000_m_167', 'transport_robot_004_m_155', 't_001', 'transport_robot_003_m_152', 'transport_robot_008_m_015', 't_004', 'transport_robot_003_m_144', 't_002', 't_003'], ['t_005', 'transport_robot_005_m_178', 't_007', 'transport_robot_004_m_155', 't_002', 'transport_robot_009_m_105', 't_000', 't_008', 't_001', 'transport_robot_000_m_142', 'transport_robot_007_m_115', 'transport_robot_008_m_015', 't_004', 't_003', 'transport_robot_003_m_144', 't_009', 'transport_robot_003_m_152', 'transport_robot_000_m_167', 't_006'], ['transport_robot_007_m_115', 't_002', 't_000', 'transport_robot_005_m_178', 't_009', 't_007', 'transport_robot_003_m_152', 't_006', 't_005', 't_004', 'transport_robot_009_m_105', 'transport_robot_000_m_142', 't_008', 'transport_robot_004_m_155', 'transport_robot_008_m_015', 't_001', 'transport_robot_003_m_144', 'transport_robot_000_m_167', 't_003'], ['transport_robot_007_m_115', 'transport_robot_003_m_144', 't_009', 'transport_robot_003_m_152', 'transport_robot_000_m_167', 'transport_robot_000_m_142', 'transport_robot_008_m_015', 't_006', 't_002', 't_001', 't_008', 't_000', 't_004', 'transport_robot_005_m_178', 'transport_robot_004_m_155', 't_005', 'transport_robot_009_m_105', 't_007', 't_003'], ['transport_robot_004_m_155', 't_000', 'transport_robot_000_m_142', 't_002', 't_006', 't_001', 't_009', 'transport_robot_005_m_178', 't_007', 't_003', 'transport_robot_000_m_167', 'transport_robot_003_m_152', 'transport_robot_008_m_015', 'transport_robot_009_m_105', 't_004', 'transport_robot_003_m_144', 'transport_robot_007_m_115', 't_008', 't_005'], ['t_007', 'transport_robot_009_m_105', 't_005', 't_000', 't_009', 't_002', 't_004', 't_001', 'transport_robot_008_m_015', 'transport_robot_003_m_144', 't_006', 'transport_robot_005_m_178', 'transport_robot_004_m_155', 'transport_robot_007_m_115', 'transport_robot_000_m_142', 'transport_robot_003_m_152', 't_003', 'transport_robot_000_m_167', 't_008'], ['t_002', 't_007', 'transport_robot_005_m_178', 't_008', 'transport_robot_007_m_115', 't_004', 'transport_robot_009_m_105', 't_006', 'transport_robot_000_m_167', 't_009', 'transport_robot_003_m_144', 'transport_robot_008_m_015', 't_005', 't_003', 'transport_robot_000_m_142', 'transport_robot_004_m_155', 'transport_robot_003_m_152', 't_000', 't_001'], ['t_007', 'transport_robot_000_m_142', 't_008', 't_002', 'transport_robot_004_m_155', 't_005', 'transport_robot_007_m_115', 'transport_robot_003_m_144', 'transport_robot_009_m_105', 't_009', 'transport_robot_003_m_152', 't_000', 't_004', 't_001', 'transport_robot_008_m_015', 't_003', 'transport_robot_005_m_178', 't_006', 'transport_robot_000_m_167'], ['transport_robot_003_m_144', 't_009', 'transport_robot_000_m_142', 't_001', 'transport_robot_008_m_015', 't_005', 't_003', 'transport_robot_007_m_115', 't_006', 't_004', 'transport_robot_000_m_167', 'transport_robot_005_m_178', 't_000', 't_002', 'transport_robot_004_m_155', 't_008', 'transport_robot_009_m_105', 't_007', 'transport_robot_003_m_152'], ['t_004', 'transport_robot_009_m_105', 'transport_robot_003_m_152', 'transport_robot_005_m_178', 't_001', 'transport_robot_000_m_167', 'transport_robot_003_m_144', 't_006', 't_005', 'transport_robot_008_m_015', 't_007', 'transport_robot_004_m_155', 't_003', 't_009', 'transport_robot_007_m_115', 'transport_robot_000_m_142', 't_002', 't_000', 't_008']]","[94.69693989071038, 12.26799456767768, 15.0]"
0,"[['t_007', 't_002', 't_006', 't_009', 'transport_robot_000_m_142', 't_005', 'transport_robot_007_m_115', 'transport_robot_009_m_105', 't_000', 'transport_robot_003_m_144', 'transport_robot_004_m_155', 'transport_robot_005_m_178', 't_004', 'transport_robot_000_m_167', 'transport_robot_003_m_152', 'transport_robot_008_m_015', 't_001', 't_008', 't_003'], ['t_005', 'transport_robot_005_m_178', 't_006', 't_008', 'transport_robot_000_m_142', 't_007', 'transport_robot_009_m_105', 't_000', 't_001', 't_009', 'transport_robot_000_m_167', 'transport_robot_008_m_015', 't_003', 't_004', 'transport_robot_007_m_115', 't_002', 'transport_robot_003_m_152', 'transport_robot_004_m_155', 'transport_robot_003_m_144'], ['t_008', 'transport_robot_007_m_115', 'transport_robot_008_m_015', 'transport_robot_004_m_155', 'transport_robot_005_m_178', 't_002', 'transport_robot_000_m_142', 't_009', 't_003', 't_005', 't_006', 'transport_robot_009_m_105', 'transport_robot_000_m_167', 't_001', 't_004', 't_007', 'transport_robot_003_m_144', 'transport_robot_003_m_152', 't_000'], ['transport_robot_007_m_115', 't_009', 'transport_robot_000_m_142', 'transport_robot_003_m_152', 't_000', 'transport_robot_008_m_015', 'transport_robot_000_m_167', 'transport_robot_003_m_144', 't_008', 't_001', 't_004', 'transport_robot_004_m_155', 't_007', 't_006', 't_002', 'transport_robot_005_m_178', 't_005', 't_003', 'transport_robot_009_m_105'], ['transport_robot_004_m_155', 't_000', 't_006', 't_007', 'transport_robot_003_m_152', 'transport_robot_003_m_144', 't_002', 't_003', 'transport_robot_009_m_105', 't_009', 'transport_robot_007_m_115', 'transport_robot_005_m_178', 'transport_robot_000_m_142', 't_005', 'transport_robot_008_m_015', 't_001', 'transport_robot_000_m_167', 't_008', 't_004'], ['t_007', 't_009', 't_005', 'transport_robot_009_m_105', 't_001', 't_002', 'transport_robot_008_m_015', 'transport_robot_003_m_144', 'transport_robot_005_m_178', 'transport_robot_004_m_155', 'transport_robot_007_m_115', 't_004', 'transport_robot_003_m_152', 't_003', 'transport_robot_000_m_167', 't_000', 't_008', 't_006', 'transport_robot_000_m_142'], ['transport_robot_007_m_115', 't_008', 't_000', 'transport_robot_009_m_105', 'transport_robot_005_m_178', 't_007', 't_005', 't_004', 't_009', 't_006', 'transport_robot_000_m_142', 'transport_robot_003_m_144', 'transport_robot_004_m_155', 'transport_robot_003_m_152', 'transport_robot_000_m_167', 't_001', 't_003', 'transport_robot_008_m_015', 't_002'], ['t_007', 'transport_robot_000_m_142', 't_008', 't_002', 'transport_robot_007_m_115', 'transport_robot_005_m_178', 't_006', 'transport_robot_004_m_155', 't_005', 't_000', 't_004', 'transport_robot_003_m_144', 't_001', 't_003', 't_009', 'transport_robot_008_m_015', 'transport_robot_009_m_105', 'transport_robot_000_m_167', 'transport_robot_003_m_152'], ['transport_robot_008_m_015', 'transport_robot_003_m_144', 'transport_robot_000_m_167', 't_009', 't_003', 'transport_robot_009_m_105', 't_004', 't_005', 't_007', 't_008', 'transport_robot_007_m_115', 'transport_robot_000_m_142', 't_006', 't_001', 'transport_robot_005_m_178', 'transport_robot_003_m_152', 't_002', 'transport_robot_004_m_155', 't_000'], ['t_004', 't_000', 't_003', 'transport_robot_009_m_105', 'transport_robot_007_m_115', 'transport_robot_000_m_167', 'transport_robot_000_m_142', 'transport_robot_003_m_144', 't_005', 't_007', 'transport_robot_003_m_152', 'transport_robot_005_m_178', 't_001', 't_006', 't_002', 'transport_robot_008_m_015', 'transport_robot_004_m_155', 't_009', 't_008']]","[90.76382513661203, 8.641975308641976, 17.0]"
0,"[['t_002', 't_006', 'transport_robot_003_m_144', 'transport_robot_000_m_142', 't_005', 't_009', 't_007', 'transport_robot_007_m_115', 'transport_robot_005_m_178', 'transport_robot_009_m_105', 'transport_robot_004_m_155', 'transport_robot_000_m_167', 'transport_robot_003_m_152', 't_000', 'transport_robot_008_m_015', 't_004', 't_001', 't_008', 't_003'], ['t_005', 'transport_robot_005_m_178', 't_007', 'transport_robot_004_m_155', 't_009', 'transport_robot_009_m_105', 't_000', 't_008', 't_001', 'transport_robot_000_m_142', 'transport_robot_007_m_115', 'transport_robot_008_m_015', 't_004', 't_003', 'transport_robot_003_m_144', 't_002', 'transport_robot_003_m_152', 'transport_robot_000_m_167', 't_006'], ['transport_robot_007_m_115', 't_002', 't_000', 'transport_robot_005_m_178', 't_009', 't_007', 'transport_robot_003_m_152', 't_006', 't_005', 't_004', 'transport_robot_009_m_105', 'transport_robot_000_m_142', 't_008', 'transport_robot_004_m_155', 't_003', 'transport_robot_003_m_144', 'transport_robot_008_m_015', 't_001', 'transport_robot_000_m_167'], ['transport_robot_007_m_115', 't_000', 't_009', 'transport_robot_000_m_167', 'transport_robot_003_m_144', 'transport_robot_003_m_152', 'transport_robot_008_m_015', 't_006', 't_002', 't_001', 't_008', 't_005', 'transport_robot_000_m_142', 'transport_robot_004_m_155', 't_004', 't_007', 't_003', 'transport_robot_005_m_178', 'transport_robot_009_m_105'], ['transport_robot_004_m_155', 't_000', 't_006', 't_009', 't_002', 'transport_robot_000_m_142', 't_001', 'transport_robot_005_m_178', 't_007', 't_003', 'transport_robot_000_m_167', 'transport_robot_003_m_152', 'transport_robot_008_m_015', 'transport_robot_009_m_105', 't_004', 'transport_robot_003_m_144', 'transport_robot_007_m_115', 't_008', 't_005'], ['transport_robot_000_m_142', 't_007', 'transport_robot_009_m_105', 't_005', 't_006', 'transport_robot_003_m_144', 'transport_robot_004_m_155', 't_002', 'transport_robot_008_m_015', 'transport_robot_005_m_178', 't_000', 't_001', 'transport_robot_007_m_115', 'transport_robot_003_m_152', 't_004', 't_003', 'transport_robot_000_m_167', 't_008', 't_009'], ['t_002', 'transport_robot_007_m_115', 't_008', 't_007', 'transport_robot_005_m_178', 'transport_robot_009_m_105', 't_006', 'transport_robot_003_m_152', 'transport_robot_000_m_142', 'transport_robot_000_m_167', 't_003', 'transport_robot_003_m_144', 't_005', 't_000', 't_004', 't_001', 't_009', 'transport_robot_008_m_015', 'transport_robot_004_m_155'], ['t_007', 'transport_robot_000_m_142', 't_008', 't_002', 'transport_robot_004_m_155', 't_005', 'transport_robot_007_m_115', 'transport_robot_003_m_144', 'transport_robot_005_m_178', 't_000', 't_006', 't_004', 't_001', 't_003', 't_009', 'transport_robot_008_m_015', 'transport_robot_009_m_105', 'transport_robot_003_m_152', 'transport_robot_000_m_167'], ['transport_robot_008_m_015', 'transport_robot_007_m_115', 't_009', 't_002', 'transport_robot_003_m_144', 't_003', 't_001', 'transport_robot_000_m_142', 't_005', 't_000', 't_004', 'transport_robot_003_m_152', 'transport_robot_009_m_105', 't_008', 't_007', 'transport_robot_000_m_167', 'transport_robot_005_m_178', 'transport_robot_004_m_155', 't_006'], ['t_004', 'transport_robot_003_m_152', 't_007', 'transport_robot_000_m_167', 'transport_robot_007_m_115', 'transport_robot_005_m_178', 't_003', 't_005', 't_006', 'transport_robot_009_m_105', 'transport_robot_000_m_142', 'transport_robot_004_m_155', 't_001', 't_009', 'transport_robot_003_m_144', 'transport_robot_008_m_015', 't_002', 't_000', 't_008']]","[94.69693989071038, 12.26799456767768, 15.0]"
0,"[['t_007', 't_006', 'transport_robot_007_m_115', 'transport_robot_000_m_142', 't_005', 't_009', 't_008', 'transport_robot_009_m_105', 't_000', 'transport_robot_005_m_178', 'transport_robot_000_m_167', 't_004', 'transport_robot_004_m_155', 't_001', 'transport_robot_008_m_015', 'transport_robot_003_m_152', 'transport_robot_003_m_144', 't_002', 't_003'], ['t_005', 'transport_robot_005_m_178', 't_006', 'transport_robot_009_m_105', 't_009', 't_008', 'transport_robot_004_m_155', 't_003', 't_001', 'transport_robot_000_m_142', 't_000', 'transport_robot_007_m_115', 't_002', 'transport_robot_000_m_167', 'transport_robot_008_m_015', 't_004', 'transport_robot_003_m_152', 't_007', 'transport_robot_003_m_144'], ['t_008', 'transport_robot_007_m_115', 'transport_robot_008_m_015', 'transport_robot_004_m_155', 'transport_robot_005_m_178', 't_009', 'transport_robot_003_m_152', 't_005', 't_006', 't_007', 'transport_robot_009_m_105', 't_002', 'transport_robot_000_m_142', 't_001', 't_003', 'transport_robot_003_m_144', 't_004', 'transport_robot_000_m_167', 't_000'], ['transport_robot_007_m_115', 'transport_robot_003_m_144', 't_009', 'transport_robot_000_m_142', 'transport_robot_003_m_152', 'transport_robot_008_m_015', 't_000', 'transport_robot_000_m_167', 't_008', 't_001', 't_004', 'transport_robot_004_m_155', 't_007', 't_006', 't_002', 'transport_robot_005_m_178', 't_005', 't_003', 'transport_robot_009_m_105'], ['transport_robot_004_m_155', 't_000', 'transport_robot_000_m_142', 't_007', 'transport_robot_003_m_152', 'transport_robot_000_m_167', 't_002', 't_006', 't_001', 't_003', 'transport_robot_009_m_105', 'transport_robot_003_m_144', 'transport_robot_007_m_115', 'transport_robot_008_m_015', 't_009', 'transport_robot_005_m_178', 't_008', 't_005', 't_004'], ['t_007', 't_009', 't_005', 'transport_robot_009_m_105', 't_000', 't_001', 't_002', 't_004', 'transport_robot_008_m_015', 'transport_robot_003_m_144', 't_006', 'transport_robot_005_m_178', 'transport_robot_004_m_155', 'transport_robot_007_m_115', 'transport_robot_000_m_142', 'transport_robot_003_m_152', 't_003', 'transport_robot_000_m_167', 't_008'], ['transport_robot_007_m_115', 't_008', 't_000', 'transport_robot_009_m_105', 'transport_robot_005_m_178', 't_007', 't_004', 't_006', 'transport_robot_000_m_167', 't_009', 'transport_robot_003_m_144', 'transport_robot_008_m_015', 't_005', 't_003', 'transport_robot_000_m_142', 't_001', 'transport_robot_004_m_155', 'transport_robot_003_m_152', 't_002'], ['t_007', 'transport_robot_000_m_142', 't_002', 'transport_robot_003_m_144', 'transport_robot_004_m_155', 't_005', 'transport_robot_007_m_115', 't_008', 't_009', 'transport_robot_005_m_178', 't_006', 't_000', 't_004', 't_001', 'transport_robot_000_m_167', 't_003', 'transport_robot_008_m_015', 'transport_robot_003_m_152', 'transport_robot_009_m_105'], ['transport_robot_008_m_015', 'transport_robot_003_m_144', 'transport_robot_000_m_167', 't_009', 't_001', 't_003', 't_002', 't_005', 'transport_robot_007_m_115', 'transport_robot_000_m_142', 't_004', 'transport_robot_009_m_105', 'transport_robot_005_m_178', 't_000', 'transport_robot_004_m_155', 't_008', 't_007', 't_006', 'transport_robot_003_m_152'], ['transport_robot_005_m_178', 't_004', 'transport_robot_009_m_105', 'transport_robot_000_m_167', 't_001', 'transport_robot_003_m_152', 'transport_robot_000_m_142', 'transport_robot_003_m_144', 't_006', 't_007', 't_003', 't_005', 't_002', 'transport_robot_007_m_115', 't_000', 'transport_robot_008_m_015', 'transport_robot_004_m_155', 't_009', 't_008']]","[90.76382513661203, 8.641975308641976, 17.0]"
0,"[['t_007', 't_006', 't_008', 't_000', 'transport_robot_007_m_115', 't_009', 't_005', 'transport_robot_000_m_142', 'transport_robot_003_m_144', 'transport_robot_004_m_155', 'transport_robot_005_m_178', 'transport_robot_000_m_167', 'transport_robot_008_m_015', 'transport_robot_009_m_105', 't_004', 't_001', 'transport_robot_003_m_152', 't_002', 't_003'], ['t_005', 'transport_robot_005_m_178', 't_006', 'transport_robot_009_m_105', 't_003', 't_009', 't_007', 't_008', 'transport_robot_000_m_142', 'transport_robot_000_m_167', 'transport_robot_003_m_144', 't_000', 'transport_robot_008_m_015', 'transport_robot_007_m_115', 't_001', 't_002', 'transport_robot_003_m_152', 't_004', 'transport_robot_004_m_155'], ['t_008', 'transport_robot_007_m_115', 'transport_robot_008_m_015', 'transport_robot_005_m_178', 't_002', 't_000', 'transport_robot_000_m_142', 't_009', 't_003', 't_005', 'transport_robot_009_m_105', 't_006', 't_001', 't_004', 't_007', 'transport_robot_004_m_155', 'transport_robot_003_m_152', 'transport_robot_003_m_144', 'transport_robot_000_m_167'], ['transport_robot_007_m_115', 'transport_robot_000_m_167', 't_009', 'transport_robot_000_m_142', 'transport_robot_003_m_152', 't_005', 'transport_robot_003_m_144', 'transport_robot_008_m_015', 't_006', 't_002', 't_001', 't_000', 't_008', 'transport_robot_009_m_105', 'transport_robot_004_m_155', 't_004', 'transport_robot_005_m_178', 't_007', 't_003'], ['transport_robot_004_m_155', 't_000', 'transport_robot_003_m_152', 't_005', 'transport_robot_005_m_178', 't_002', 't_001', 't_003', 't_007', 'transport_robot_000_m_142', 't_009', 't_004', 'transport_robot_008_m_015', 't_006', 'transport_robot_009_m_105', 'transport_robot_000_m_167', 'transport_robot_007_m_115', 't_008', 'transport_robot_003_m_144'], ['t_005', 'transport_robot_009_m_105', 'transport_robot_000_m_142', 'transport_robot_003_m_144', 't_000', 'transport_robot_004_m_155', 'transport_robot_008_m_015', 't_002', 'transport_robot_005_m_178', 't_001', 'transport_robot_007_m_115', 'transport_robot_003_m_152', 't_006', 't_007', 't_003', 't_008', 't_009', 't_004', 'transport_robot_000_m_167'], ['t_008', 't_000', 't_009', 'transport_robot_005_m_178', 'transport_robot_007_m_115', 't_007', 'transport_robot_009_m_105', 'transport_robot_003_m_144', 't_006', 'transport_robot_000_m_167', 'transport_robot_000_m_142', 'transport_robot_003_m_152', 't_003', 't_004', 't_005', 'transport_robot_008_m_015', 't_001', 'transport_robot_004_m_155', 't_002'], ['transport_robot_000_m_142', 't_008', 't_002', 't_005', 'transport_robot_004_m_155', 'transport_robot_005_m_178', 'transport_robot_008_m_015', 't_007', 'transport_robot_003_m_144', 'transport_robot_007_m_115', 't_000', 't_006', 't_004', 't_001', 't_003', 't_009', 'transport_robot_000_m_167', 'transport_robot_009_m_105', 'transport_robot_003_m_152'], ['transport_robot_008_m_015', 't_009', 't_002', 'transport_robot_003_m_144', 't_001', 'transport_robot_000_m_142', 't_003', 'transport_robot_007_m_115', 't_005', 't_004', 'transport_robot_000_m_167', 't_008', 'transport_robot_009_m_105', 'transport_robot_004_m_155', 'transport_robot_005_m_178', 't_000', 't_007', 't_006', 'transport_robot_003_m_152'], ['t_004', 'transport_robot_004_m_155', 'transport_robot_003_m_152', 'transport_robot_000_m_167', 't_003', 'transport_robot_005_m_178', 'transport_robot_003_m_144', 'transport_robot_007_m_115', 't_005', 't_006', 't_000', 'transport_robot_009_m_105', 'transport_robot_000_m_142', 't_001', 't_008', 't_009', 't_007', 'transport_robot_008_m_015', 't_002']]","[89.86251366120219, 12.49210958212347, 19.0]"
0,"[['t_007', 't_006', 'transport_robot_007_m_115', 'transport_robot_000_m_142', 't_005', 't_009', 'transport_robot_009_m_105', 't_000', 'transport_robot_005_m_178', 'transport_robot_000_m_167', 't_004', 'transport_robot_004_m_155', 't_001', 'transport_robot_008_m_015', 'transport_robot_003_m_152', 'transport_robot_003_m_144', 't_002', 't_008', 't_003'], ['t_005', 'transport_robot_005_m_178', 't_006', 'transport_robot_003_m_144', 'transport_robot_009_m_105', 't_003', 't_009', 't_007', 't_001', 'transport_robot_000_m_142', 't_000', 'transport_robot_008_m_015', 'transport_robot_007_m_115', 't_004', 'transport_robot_004_m_155', 't_008', 'transport_robot_000_m_167', 't_002', 'transport_robot_003_m_152'], ['t_008', 'transport_robot_007_m_115', 'transport_robot_008_m_015', 'transport_robot_004_m_155', 'transport_robot_005_m_178', 'transport_robot_003_m_152', 't_002', 'transport_robot_000_m_142', 't_009', 't_005', 't_006', 'transport_robot_009_m_105', 't_003', 't_001', 't_004', 't_007', 'transport_robot_000_m_167', 'transport_robot_003_m_144', 't_000'], ['transport_robot_007_m_115', 't_000', 't_009', 'transport_robot_003_m_144', 'transport_robot_000_m_142', 't_008', 'transport_robot_005_m_178', 'transport_robot_004_m_155', 't_001', 'transport_robot_003_m_152', 't_005', 'transport_robot_009_m_105', 't_006', 't_004', 'transport_robot_000_m_167', 't_007', 't_003', 'transport_robot_008_m_015', 't_002'], ['transport_robot_004_m_155', 't_000', 't_006', 't_009', 'transport_robot_003_m_152', 'transport_robot_008_m_015', 't_001', 'transport_robot_005_m_178', 't_002', 't_007', 't_003', 'transport_robot_000_m_142', 'transport_robot_009_m_105', 'transport_robot_003_m_144', 'transport_robot_007_m_115', 'transport_robot_000_m_167', 't_005', 't_008', 't_004'], ['t_007', 't_009', 't_005', 'transport_robot_009_m_105', 't_000', 't_002', 't_004', 't_001', 'transport_robot_008_m_015', 'transport_robot_003_m_144', 't_006', 'transport_robot_005_m_178', 'transport_robot_004_m_155', 'transport_robot_007_m_115', 'transport_robot_000_m_142', 'transport_robot_003_m_152', 't_003', 'transport_robot_000_m_167', 't_008'], ['t_008', 't_007', 'transport_robot_005_m_178', 'transport_robot_007_m_115', 'transport_robot_009_m_105', 't_006', 't_009', 'transport_robot_000_m_142', 'transport_robot_004_m_155', 'transport_robot_000_m_167', 't_003', 'transport_robot_003_m_144', 't_005', 't_000', 't_004', 't_001', 'transport_robot_008_m_015', 'transport_robot_003_m_152', 't_002'], ['t_007', 'transport_robot_000_m_142', 'transport_robot_004_m_155', 't_002', 't_008', 't_005', 'transport_robot_007_m_115', 't_000', 't_006', 'transport_robot_005_m_178', 'transport_robot_003_m_144', 't_009', 't_004', 't_001', 'transport_robot_008_m_015', 't_003', 'transport_robot_000_m_167', 'transport_robot_009_m_105', 'transport_robot_003_m_152'], ['transport_robot_003_m_144', 'transport_robot_008_m_015', 'transport_robot_007_m_115', 't_009', 't_002', 't_001', 't_003', 'transport_robot_000_m_142', 't_005', 't_000', 't_004', 'transport_robot_005_m_178', 'transport_robot_000_m_167', 'transport_robot_009_m_105', 'transport_robot_004_m_155', 't_007', 't_008', 'transport_robot_003_m_152', 't_006'], ['t_004', 'transport_robot_003_m_152', 't_007', 'transport_robot_000_m_167', 'transport_robot_007_m_115', 'transport_robot_005_m_178', 't_003', 'transport_robot_009_m_105', 't_008', 't_001', 'transport_robot_000_m_142', 'transport_robot_003_m_144', 't_006', 'transport_robot_004_m_155', 't_002', 't_005', 't_009', 't_000', 'transport_robot_008_m_015']]","[89.86251366120219, 12.49210958212347, 19.0]"
0,"[['t_006', 'transport_robot_007_m_115', 'transport_robot_009_m_105', 'transport_robot_000_m_142', 't_005', 't_009', 't_007', 't_001', 't_008', 'transport_robot_005_m_178', 't_000', 'transport_robot_000_m_167', 'transport_robot_004_m_155', 'transport_robot_003_m_152', 'transport_robot_008_m_015', 't_004', 'transport_robot_003_m_144', 't_002', 't_003'], ['t_005', 'transport_robot_005_m_178', 't_006', 'transport_robot_004_m_155', 't_001', 't_007', 'transport_robot_009_m_105', 'transport_robot_000_m_142', 'transport_robot_007_m_115', 'transport_robot_008_m_015', 'transport_robot_000_m_167', 't_002', 't_000', 't_008', 't_004', 't_009', 'transport_robot_003_m_152', 't_003', 'transport_robot_003_m_144'], ['t_002', 't_003', 'transport_robot_007_m_115', 'transport_robot_005_m_178', 't_009', 't_007', 'transport_robot_003_m_152', 't_006', 't_005', 't_004', 'transport_robot_009_m_105', 'transport_robot_000_m_142', 't_008', 't_000', 'transport_robot_004_m_155', 'transport_robot_003_m_144', 't_001', 'transport_robot_008_m_015', 'transport_robot_000_m_167'], ['transport_robot_007_m_115', 't_009', 'transport_robot_000_m_167', 'transport_robot_000_m_142', 'transport_robot_003_m_144', 'transport_robot_003_m_152', 't_005', 'transport_robot_009_m_105', 't_002', 't_001', 't_008', 't_000', 't_004', 'transport_robot_005_m_178', 'transport_robot_004_m_155', 't_006', 't_007', 't_003', 'transport_robot_008_m_015'], ['transport_robot_004_m_155', 't_000', 'transport_robot_000_m_142', 't_006', 't_001', 't_009', 't_007', 'transport_robot_009_m_105', 'transport_robot_007_m_115', 't_002', 'transport_robot_005_m_178', 't_003', 'transport_robot_000_m_167', 'transport_robot_003_m_152', 'transport_robot_008_m_015', 't_004', 'transport_robot_003_m_144', 't_008', 't_005'], ['t_007', 'transport_robot_009_m_105', 't_005', 't_000', 't_009', 't_002', 't_004', 't_001', 'transport_robot_008_m_015', 'transport_robot_003_m_144', 't_006', 'transport_robot_005_m_178', 'transport_robot_004_m_155', 'transport_robot_007_m_115', 'transport_robot_000_m_142', 'transport_robot_003_m_152', 't_003', 'transport_robot_000_m_167', 't_008'], ['t_002', 't_007', 't_001', 'transport_robot_005_m_178', 't_006', 't_008', 't_005', 'transport_robot_003_m_144', 'transport_robot_007_m_115', 'transport_robot_000_m_167', 'transport_robot_000_m_142', 'transport_robot_009_m_105', 't_009', 't_000', 't_004', 'transport_robot_003_m_152', 't_003', 'transport_robot_008_m_015', 'transport_robot_004_m_155'], ['transport_robot_000_m_142', 't_008', 't_002', 'transport_robot_004_m_155', 't_005', 'transport_robot_007_m_115', 'transport_robot_003_m_144', 't_007', 'transport_robot_009_m_105', 't_009', 'transport_robot_003_m_152', 't_000', 't_004', 't_001', 'transport_robot_008_m_015', 't_003', 'transport_robot_005_m_178', 't_006', 'transport_robot_000_m_167'], ['transport_robot_003_m_144', 't_009', 'transport_robot_000_m_142', 't_001', 'transport_robot_008_m_015', 't_006', 't_002', 't_005', 't_003', 'transport_robot_007_m_115', 't_004', 'transport_robot_000_m_167', 'transport_robot_005_m_178', 't_000', 'transport_robot_004_m_155', 't_008', 'transport_robot_009_m_105', 't_007', 'transport_robot_003_m_152'], ['t_004', 'transport_robot_003_m_152', 'transport_robot_005_m_178', 'transport_robot_009_m_105', 't_001', 'transport_robot_000_m_167', 'transport_robot_003_m_144', 't_006', 't_005', 'transport_robot_008_m_015', 't_007', 'transport_robot_004_m_155', 't_003', 't_009', 'transport_robot_007_m_115', 'transport_robot_000_m_142', 't_002', 't_008', 't_000']]","[80.82901639344263, 9.375, 18.0]"
0,"[['t_007', 't_006', 'transport_robot_007_m_115', 'transport_robot_000_m_142', 't_005', 't_009', 't_008', 'transport_robot_009_m_105', 't_000', 'transport_robot_005_m_178', 'transport_robot_000_m_167', 't_004', 'transport_robot_004_m_155', 't_001', 'transport_robot_008_m_015', 'transport_robot_003_m_152', 'transport_robot_003_m_144', 't_002', 't_003'], ['t_005', 'transport_robot_005_m_178', 't_003', 'transport_robot_009_m_105', 't_009', 't_008', 'transport_robot_004_m_155', 't_007', 'transport_robot_000_m_142', 't_000', 'transport_robot_008_m_015', 't_001', 't_004', 'transport_robot_007_m_115', 't_002', 't_006', 'transport_robot_003_m_152', 'transport_robot_000_m_167', 'transport_robot_003_m_144'], ['t_008', 'transport_robot_007_m_115', 'transport_robot_008_m_015', 'transport_robot_004_m_155', 'transport_robot_005_m_178', 't_002', 'transport_robot_000_m_142', 't_003', 't_009', 't_005', 't_006', 'transport_robot_009_m_105', 'transport_robot_003_m_152', 't_007', 't_001', 'transport_robot_003_m_144', 't_004', 'transport_robot_000_m_167', 't_000'], ['transport_robot_007_m_115', 'transport_robot_003_m_144', 't_009', 'transport_robot_000_m_142', 't_000', 'transport_robot_000_m_167', 'transport_robot_009_m_105', 't_005', 't_008', 't_001', 't_004', 'transport_robot_004_m_155', 't_007', 't_006', 't_002', 'transport_robot_005_m_178', 'transport_robot_003_m_152', 't_003', 'transport_robot_008_m_015'], ['transport_robot_004_m_155', 't_000', 'transport_robot_003_m_152', 't_007', 'transport_robot_000_m_142', 'transport_robot_000_m_167', 't_002', 't_006', 't_001', 't_003', 'transport_robot_009_m_105', 'transport_robot_003_m_144', 'transport_robot_007_m_115', 'transport_robot_008_m_015', 't_009', 'transport_robot_005_m_178', 't_005', 't_008', 't_004'], ['t_007', 't_009', 't_005', 'transport_robot_009_m_105', 't_000', 't_002', 'transport_robot_008_m_015', 'transport_robot_003_m_144', 't_001', 't_004', 't_006', 'transport_robot_005_m_178', 'transport_robot_004_m_155', 'transport_robot_007_m_115', 'transport_robot_000_m_142', 'transport_robot_003_m_152', 't_003', 'transport_robot_000_m_167', 't_008'], ['transport_robot_007_m_115', 't_008', 't_009', 't_007', 'transport_robot_005_m_178', 'transport_robot_003_m_144', 'transport_robot_009_m_105', 't_000', 't_004', 't_006', 'transport_robot_000_m_167', 'transport_robot_008_m_015', 't_005', 't_003', 'transport_robot_000_m_142', 't_001', 'transport_robot_004_m_155', 'transport_robot_003_m_152', 't_002'], ['t_007', 't_008', 'transport_robot_000_m_142', 't_002', 'transport_robot_007_m_115', 'transport_robot_005_m_178', 't_006', 'transport_robot_004_m_155', 't_005', 't_000', 't_004', 'transport_robot_003_m_144', 't_001', 't_009', 'transport_robot_000_m_167', 't_003', 'transport_robot_008_m_015', 'transport_robot_003_m_152', 'transport_robot_009_m_105'], ['transport_robot_008_m_015', 'transport_robot_003_m_144', 'transport_robot_000_m_167', 't_009', 't_003', 'transport_robot_009_m_105', 't_004', 't_005', 't_007', 't_008', 'transport_robot_007_m_115', 'transport_robot_000_m_142', 't_006', 't_001', 'transport_robot_005_m_178', 'transport_robot_003_m_152', 't_002', 'transport_robot_004_m_155', 't_000'], ['t_004', 'transport_robot_009_m_105', 'transport_robot_000_m_167', 'transport_robot_003_m_152', 'transport_robot_003_m_144', 't_006', 't_003', 't_000', 'transport_robot_000_m_142', 't_002', 't_007', 't_001', 'transport_robot_005_m_178', 't_009', 't_005', 'transport_robot_007_m_115', 'transport_robot_008_m_015', 'transport_robot_004_m_155', 't_008']]","[90.76382513661203, 8.641975308641976, 17.0]"
0,"[['transport_robot_007_m_115', 't_000', 't_002', 't_009', 't_008', 't_005', 't_007', 'transport_robot_000_m_142', 'transport_robot_003_m_144', 'transport_robot_004_m_155', 'transport_robot_005_m_178', 'transport_robot_000_m_167', 'transport_robot_008_m_015', 'transport_robot_009_m_105', 't_004', 'transport_robot_003_m_152', 't_001', 't_006', 't_003'], ['t_005', 'transport_robot_005_m_178', 't_007', 'transport_robot_009_m_105', 't_008', 'transport_robot_004_m_155', 't_009', 't_003', 't_006', 't_004', 'transport_robot_003_m_144', 't_000', 'transport_robot_008_m_015', 'transport_robot_007_m_115', 't_001', 't_002', 'transport_robot_003_m_152', 'transport_robot_000_m_167', 'transport_robot_000_m_142'], ['t_002', 't_008', 'transport_robot_007_m_115', 'transport_robot_005_m_178', 't_009', 'transport_robot_000_m_142', 't_000', 'transport_robot_004_m_155', 'transport_robot_003_m_152', 't_005', 'transport_robot_009_m_105', 't_006', 't_001', 't_004', 't_007', 'transport_robot_008_m_015', 'transport_robot_003_m_144', 'transport_robot_000_m_167', 't_003'], ['t_006', 'transport_robot_003_m_144', 'transport_robot_004_m_155', 'transport_robot_000_m_142', 'transport_robot_003_m_152', 't_005', 'transport_robot_007_m_115', 'transport_robot_008_m_015', 'transport_robot_005_m_178', 't_009', 'transport_robot_000_m_167', 't_002', 't_001', 't_008', 't_000', 't_004', 'transport_robot_009_m_105', 't_007', 't_003'], ['t_000', 't_008', 't_001', 't_006', 't_009', 'transport_robot_000_m_142', 't_002', 'transport_robot_003_m_152', 't_007', 't_003', 'transport_robot_009_m_105', 'transport_robot_008_m_015', 'transport_robot_007_m_115', 'transport_robot_005_m_178', 'transport_robot_004_m_155', 'transport_robot_003_m_144', 't_005', 'transport_robot_000_m_167', 't_004'], ['t_000', 't_005', 't_009', 'transport_robot_009_m_105', 't_007', 't_006', 'transport_robot_003_m_144', 'transport_robot_000_m_142', 'transport_robot_004_m_155', 'transport_robot_005_m_178', 't_001', 'transport_robot_007_m_115', 'transport_robot_003_m_152', 'transport_robot_008_m_015', 't_003', 't_008', 't_002', 't_004', 'transport_robot_000_m_167'], ['t_000', 't_007', 'transport_robot_005_m_178', 'transport_robot_009_m_105', 'transport_robot_000_m_167', 'transport_robot_000_m_142', 'transport_robot_007_m_115', 't_004', 't_006', 't_009', 't_001', 'transport_robot_003_m_144', 'transport_robot_008_m_015', 't_008', 't_003', 't_002', 'transport_robot_003_m_152', 't_005', 'transport_robot_004_m_155'], ['transport_robot_000_m_167', 'transport_robot_007_m_115', 't_002', 't_008', 't_005', 'transport_robot_005_m_178', 't_006', 't_000', 'transport_robot_004_m_155', 'transport_robot_000_m_142', 't_007', 't_004', 'transport_robot_008_m_015', 't_003', 't_001', 'transport_robot_009_m_105', 'transport_robot_003_m_144', 't_009', 'transport_robot_003_m_152'], ['transport_robot_008_m_015', 'transport_robot_007_m_115', 't_009', 't_002', 'transport_robot_003_m_144', 't_003', 't_001', 'transport_robot_000_m_142', 't_004', 'transport_robot_000_m_167', 't_008', 'transport_robot_009_m_105', 'transport_robot_004_m_155', 't_005', 'transport_robot_005_m_178', 't_000', 't_007', 't_006', 'transport_robot_003_m_152'], ['t_004', 'transport_robot_000_m_167', 'transport_robot_005_m_178', 'transport_robot_009_m_105', 'transport_robot_000_m_142', 't_006', 't_001', 'transport_robot_003_m_152', 't_007', 't_005', 'transport_robot_003_m_144', 't_002', 't_003', 'transport_robot_004_m_155', 't_009', 't_000', 'transport_robot_008_m_015', 'transport_robot_007_m_115', 't_008']]","[90.77245901639344, 8.641975308641976, 15.0]"
0,"[['t_007', 't_006', 'transport_robot_007_m_115', 'transport_robot_000_m_142', 't_005', 't_009', 'transport_robot_009_m_105', 't_000', 'transport_robot_005_m_178', 't_008', 'transport_robot_000_m_167', 't_004', 'transport_robot_004_m_155', 't_001', 'transport_robot_008_m_015', 'transport_robot_003_m_152', 'transport_robot_003_m_144', 't_002', 't_003'], ['t_005', 'transport_robot_005_m_178', 't_006', 't_008', 'transport_robot_009_m_105', 't_009', 'transport_robot_004_m_155', 't_003', 't_001', 'transport_robot_000_m_142', 't_000', 'transport_robot_007_m_115', 't_002', 'transport_robot_000_m_167', 'transport_robot_008_m_015', 't_004', 'transport_robot_003_m_152', 't_007', 'transport_robot_003_m_144'], ['t_008', 'transport_robot_007_m_115', 'transport_robot_008_m_015', 'transport_robot_004_m_155', 'transport_robot_005_m_178', 't_009', 'transport_robot_003_m_152', 't_005', 't_006', 't_007', 'transport_robot_009_m_105', 't_002', 'transport_robot_000_m_142', 't_001', 't_003', 'transport_robot_003_m_144', 't_004', 'transport_robot_000_m_167', 't_000'], ['transport_robot_007_m_115', 'transport_robot_003_m_144', 'transport_robot_000_m_167', 't_009', 'transport_robot_000_m_142', 'transport_robot_003_m_152', 'transport_robot_008_m_015', 't_000', 't_008', 't_001', 't_004', 'transport_robot_004_m_155', 't_007', 't_006', 't_002', 'transport_robot_005_m_178', 't_005', 't_003', 'transport_robot_009_m_105'], ['transport_robot_004_m_155', 't_000', 'transport_robot_000_m_142', 't_007', 'transport_robot_003_m_152', 't_002', 'transport_robot_000_m_167', 't_006', 't_001', 't_003', 'transport_robot_009_m_105', 'transport_robot_003_m_144', 'transport_robot_007_m_115', 'transport_robot_008_m_015', 't_009', 'transport_robot_005_m_178', 't_008', 't_005', 't_004'], ['t_007', 't_009', 't_005', 't_001', 'transport_robot_009_m_105', 't_002', 'transport_robot_000_m_142', 't_004', 'transport_robot_008_m_015', 'transport_robot_003_m_144', 't_006', 'transport_robot_005_m_178', 'transport_robot_004_m_155', 'transport_robot_007_m_115', 't_000', 'transport_robot_003_m_152', 't_003', 'transport_robot_000_m_167', 't_008'], ['transport_robot_007_m_115', 't_008', 't_000', 'transport_robot_009_m_105', 'transport_robot_005_m_178', 't_007', 't_004', 't_006', 'transport_robot_000_m_167', 't_009', 'transport_robot_003_m_144', 'transport_robot_008_m_015', 't_002', 't_003', 'transport_robot_000_m_142', 't_001', 'transport_robot_004_m_155', 't_005', 'transport_robot_003_m_152'], ['t_007', 'transport_robot_000_m_142', 't_002', 'transport_robot_003_m_144', 'transport_robot_004_m_155', 't_005', 'transport_robot_007_m_115', 't_008', 't_009', 'transport_robot_005_m_178', 't_006', 't_000', 't_004', 't_001', 'transport_robot_000_m_167', 't_003', 'transport_robot_008_m_015', 'transport_robot_003_m_152', 'transport_robot_009_m_105'], ['transport_robot_008_m_015', 'transport_robot_003_m_144', 'transport_robot_000_m_167', 't_009', 't_001', 't_003', 't_002', 't_005', 'transport_robot_007_m_115', 'transport_robot_000_m_142', 't_004', 'transport_robot_009_m_105', 'transport_robot_005_m_178', 't_000', 'transport_robot_004_m_155', 't_008', 't_007', 't_006', 'transport_robot_003_m_152'], ['transport_robot_005_m_178', 'transport_robot_003_m_144', 'transport_robot_009_m_105', 'transport_robot_000_m_167', 't_001', 'transport_robot_003_m_152', 'transport_robot_000_m_142', 't_004', 't_006', 't_007', 't_003', 't_005', 't_002', 'transport_robot_007_m_115', 'transport_robot_004_m_155', 't_000', 'transport_robot_008_m_015', 't_009', 't_008']]","[90.76382513661203, 8.641975308641976, 17.0]"
0,"[['t_007', 't_006', 't_008', 't_000', 'transport_robot_007_m_115', 't_009', 'transport_robot_000_m_142', 't_005', 'transport_robot_003_m_144', 'transport_robot_004_m_155', 'transport_robot_005_m_178', 'transport_robot_000_m_167', 'transport_robot_008_m_015', 'transport_robot_009_m_105', 't_004', 't_001', 'transport_robot_003_m_152', 't_002', 't_003'], ['t_005', 'transport_robot_005_m_178', 't_006', 'transport_robot_003_m_144', 'transport_robot_009_m_105', 't_003', 't_009', 't_007', 't_008', 'transport_robot_000_m_142', 't_000', 'transport_robot_007_m_115', 't_001', 'transport_robot_000_m_167', 'transport_robot_008_m_015', 't_004', 'transport_robot_004_m_155', 'transport_robot_003_m_152', 't_002'], ['t_008', 'transport_robot_007_m_115', 'transport_robot_008_m_015', 'transport_robot_004_m_155', 'transport_robot_005_m_178', 't_009', 'transport_robot_003_m_152', 't_005', 't_006', 't_007', 'transport_robot_009_m_105', 't_002', 'transport_robot_000_m_142', 't_001', 't_004', 'transport_robot_003_m_144', 'transport_robot_000_m_167', 't_003', 't_000'], ['transport_robot_007_m_115', 'transport_robot_003_m_144', 't_009', 'transport_robot_003_m_152', 'transport_robot_000_m_167', 'transport_robot_000_m_142', 'transport_robot_008_m_015', 't_006', 't_002', 't_001', 't_005', 't_000', 't_008', 'transport_robot_009_m_105', 'transport_robot_004_m_155', 't_004', 'transport_robot_005_m_178', 't_007', 't_003'], ['transport_robot_004_m_155', 't_000', 'transport_robot_003_m_152', 'transport_robot_003_m_144', 'transport_robot_005_m_178', 't_002', 't_001', 't_003', 't_007', 'transport_robot_000_m_142', 't_009', 't_004', 'transport_robot_008_m_015', 't_006', 'transport_robot_009_m_105', 'transport_robot_000_m_167', 'transport_robot_007_m_115', 't_008', 't_005'], ['t_007', 't_009', 't_005', 'transport_robot_009_m_105', 't_000', 'transport_robot_004_m_155', 'transport_robot_008_m_015', 't_002', 'transport_robot_005_m_178', 't_001', 'transport_robot_007_m_115', 'transport_robot_003_m_152', 't_006', 'transport_robot_003_m_144', 't_004', 't_003', 'transport_robot_000_m_167', 't_008', 'transport_robot_000_m_142'], ['t_008', 't_000', 't_007', 'transport_robot_005_m_178', 'transport_robot_007_m_115', 't_004', 'transport_robot_009_m_105', 'transport_robot_000_m_142', 'transport_robot_000_m_167', 't_009', 'transport_robot_003_m_144', 'transport_robot_008_m_015', 't_006', 'transport_robot_003_m_152', 't_003', 't_005', 't_001', 'transport_robot_004_m_155', 't_002'], ['t_007', 'transport_robot_000_m_142', 't_008', 't_002', 'transport_robot_004_m_155', 'transport_robot_003_m_144', 't_005', 'transport_robot_007_m_115', 'transport_robot_005_m_178', 't_000', 't_006', 't_004', 't_001', 't_003', 't_009', 'transport_robot_008_m_015', 'transport_robot_000_m_167', 'transport_robot_009_m_105', 'transport_robot_003_m_152'], ['transport_robot_008_m_015', 't_009', 'transport_robot_003_m_144', 't_007', 't_001', 't_005', 't_003', 'transport_robot_007_m_115', 't_006', 't_004', 'transport_robot_000_m_167', 'transport_robot_005_m_178', 't_000', 't_002', 'transport_robot_000_m_142', 'transport_robot_009_m_105', 'transport_robot_004_m_155', 't_008', 'transport_robot_003_m_152'], ['t_004', 't_007', 'transport_robot_000_m_167', 'transport_robot_007_m_115', 'transport_robot_003_m_144', 'transport_robot_003_m_152', 't_003', 'transport_robot_005_m_178', 't_005', 't_006', 't_000', 'transport_robot_009_m_105', 'transport_robot_000_m_142', 't_001', 't_002', 't_009', 'transport_robot_008_m_015', 'transport_robot_004_m_155', 't_008']]","[89.86251366120219, 12.49210958212347, 19.0]"
0,"[['t_007', 't_002', 't_006', 'transport_robot_007_m_115', 't_009', 'transport_robot_000_m_142', 't_005', 'transport_robot_009_m_105', 't_000', 'transport_robot_005_m_178', 'transport_robot_000_m_167', 't_004', 'transport_robot_004_m_155', 't_001', 'transport_robot_008_m_015', 'transport_robot_003_m_152', 'transport_robot_003_m_144', 't_008', 't_003'], ['t_005', 'transport_robot_005_m_178', 't_006', 'transport_robot_009_m_105', 't_009', 't_007', 't_008', 'transport_robot_000_m_142', 't_000', 't_001', 't_004', 't_002', 'transport_robot_003_m_152', 'transport_robot_000_m_167', 'transport_robot_004_m_155', 'transport_robot_008_m_015', 'transport_robot_007_m_115', 't_003', 'transport_robot_003_m_144'], ['t_008', 'transport_robot_007_m_115', 'transport_robot_008_m_015', 'transport_robot_004_m_155', 'transport_robot_005_m_178', 't_009', 'transport_robot_003_m_152', 't_002', 'transport_robot_000_m_142', 't_005', 't_006', 't_004', 't_001', 'transport_robot_009_m_105', 't_007', 'transport_robot_000_m_167', 't_003', 'transport_robot_003_m_144', 't_000'], ['transport_robot_009_m_105', 't_009', 'transport_robot_003_m_144', 'transport_robot_003_m_152', 'transport_robot_000_m_167', 'transport_robot_000_m_142', 'transport_robot_008_m_015', 't_001', 't_000', 't_008', 't_004', 'transport_robot_004_m_155', 't_007', 'transport_robot_005_m_178', 't_006', 'transport_robot_007_m_115', 't_003', 't_005', 't_002'], ['transport_robot_004_m_155', 't_000', 't_006', 'transport_robot_003_m_152', 'transport_robot_000_m_142', 't_002', 't_001', 'transport_robot_000_m_167', 't_007', 'transport_robot_009_m_105', 't_003', 'transport_robot_007_m_115', 'transport_robot_003_m_144', 'transport_robot_005_m_178', 't_009', 'transport_robot_008_m_015', 't_008', 't_005', 't_004'], ['t_007', 't_009', 't_005', 'transport_robot_004_m_155', 't_000', 't_002', 't_004', 't_001', 'transport_robot_008_m_015', 'transport_robot_003_m_144', 't_006', 'transport_robot_009_m_105', 't_003', 'transport_robot_000_m_142', 'transport_robot_003_m_152', 'transport_robot_000_m_167', 't_008', 'transport_robot_007_m_115', 'transport_robot_005_m_178'], ['t_008', 'transport_robot_007_m_115', 'transport_robot_009_m_105', 't_004', 'transport_robot_005_m_178', 't_007', 't_005', 't_006', 'transport_robot_000_m_167', 't_009', 't_001', 'transport_robot_003_m_144', 't_000', 'transport_robot_003_m_152', 't_003', 'transport_robot_000_m_142', 'transport_robot_008_m_015', 'transport_robot_004_m_155', 't_002'], ['t_007', 't_002', 'transport_robot_009_m_105', 't_005', 'transport_robot_008_m_015', 'transport_robot_000_m_142', 'transport_robot_007_m_115', 't_008', 't_009', 'transport_robot_005_m_178', 't_006', 't_000', 't_004', 'transport_robot_000_m_167', 'transport_robot_003_m_144', 't_003', 'transport_robot_004_m_155', 't_001', 'transport_robot_003_m_152'], ['transport_robot_003_m_144', 't_009', 'transport_robot_000_m_142', 't_001', 'transport_robot_008_m_015', 't_005', 't_003', 'transport_robot_007_m_115', 't_000', 'transport_robot_005_m_178', 'transport_robot_000_m_167', 't_006', 't_004', 't_002', 'transport_robot_004_m_155', 't_008', 'transport_robot_009_m_105', 't_007', 'transport_robot_003_m_152'], ['t_004', 'transport_robot_009_m_105', 't_008', 't_001', 't_003', 't_000', 't_007', 't_006', 'transport_robot_005_m_178', 'transport_robot_007_m_115', 't_005', 'transport_robot_000_m_167', 'transport_robot_003_m_152', 'transport_robot_000_m_142', 'transport_robot_003_m_144', 'transport_robot_004_m_155', 't_009', 't_002', 'transport_robot_008_m_015']]","[89.86251366120219, 12.49210958212347, 19.0]"
0,"[['t_007', 't_005', 't_000', 't_006', 't_002', 'transport_robot_007_m_115', 't_009', 'transport_robot_000_m_142', 'transport_robot_003_m_144', 'transport_robot_004_m_155', 'transport_robot_005_m_178', 'transport_robot_000_m_167', 'transport_robot_008_m_015', 'transport_robot_009_m_105', 't_004', 'transport_robot_003_m_152', 't_001', 't_008', 't_003'], ['t_005', 'transport_robot_005_m_178', 't_007', 'transport_robot_004_m_155', 'transport_robot_009_m_105', 't_009', 't_006', 't_008', 't_001', 'transport_robot_000_m_142', 'transport_robot_007_m_115', 'transport_robot_008_m_015', 't_004', 't_003', 'transport_robot_003_m_144', 't_002', 'transport_robot_003_m_152', 'transport_robot_000_m_167', 't_000'], ['t_008', 'transport_robot_007_m_115', 'transport_robot_008_m_015', 'transport_robot_004_m_155', 't_002', 'transport_robot_005_m_178', 'transport_robot_000_m_142', 't_009', 'transport_robot_003_m_152', 't_003', 't_005', 't_006', 't_001', 't_004', 't_007', 'transport_robot_009_m_105', 'transport_robot_000_m_167', 'transport_robot_003_m_144', 't_000'], ['transport_robot_003_m_144', 't_009', 'transport_robot_000_m_142', 'transport_robot_007_m_115', 'transport_robot_003_m_152', 'transport_robot_000_m_167', 't_001', 't_000', 't_008', 't_004', 'transport_robot_004_m_155', 't_007', 't_006', 't_002', 'transport_robot_005_m_178', 't_005', 'transport_robot_009_m_105', 't_003', 'transport_robot_008_m_015'], ['transport_robot_004_m_155', 't_000', 't_006', 't_007', 'transport_robot_003_m_152', 'transport_robot_000_m_142', 't_001', 't_002', 'transport_robot_009_m_105', 't_003', 'transport_robot_008_m_015', 'transport_robot_000_m_167', 'transport_robot_005_m_178', 'transport_robot_003_m_144', 't_009', 'transport_robot_007_m_115', 't_008', 't_005', 't_004'], ['t_007', 't_009', 'transport_robot_009_m_105', 't_005', 't_006', 'transport_robot_003_m_144', 'transport_robot_004_m_155', 't_002', 'transport_robot_008_m_015', 'transport_robot_005_m_178', 't_000', 't_001', 'transport_robot_007_m_115', 'transport_robot_000_m_142', 't_004', 'transport_robot_003_m_152', 't_003', 'transport_robot_000_m_167', 't_008'], ['transport_robot_007_m_115', 't_008', 't_009', 'transport_robot_009_m_105', 't_007', 'transport_robot_005_m_178', 't_006', 'transport_robot_003_m_152', 'transport_robot_000_m_142', 'transport_robot_000_m_167', 't_003', 'transport_robot_003_m_144', 't_005', 't_000', 't_004', 't_001', 'transport_robot_008_m_015', 'transport_robot_004_m_155', 't_002'], ['t_007', 'transport_robot_000_m_142', 't_008', 't_002', 'transport_robot_004_m_155', 't_005', 'transport_robot_007_m_115', 'transport_robot_003_m_144', 'transport_robot_005_m_178', 't_000', 't_006', 't_004', 't_001', 'transport_robot_000_m_167', 't_003', 't_009', 'transport_robot_008_m_015', 'transport_robot_009_m_105', 'transport_robot_003_m_152'], ['transport_robot_008_m_015', 'transport_robot_003_m_144', 't_009', 'transport_robot_007_m_115', 't_002', 't_003', 't_001', 'transport_robot_000_m_142', 't_005', 't_000', 't_004', 'transport_robot_005_m_178', 'transport_robot_000_m_167', 'transport_robot_009_m_105', 'transport_robot_004_m_155', 't_007', 't_008', 't_006', 'transport_robot_003_m_152'], ['t_004', 'transport_robot_003_m_152', 't_007', 'transport_robot_000_m_167', 'transport_robot_007_m_115', 'transport_robot_005_m_178', 't_003', 't_005', 't_006', 'transport_robot_009_m_105', 'transport_robot_003_m_144', 'transport_robot_000_m_142', 't_001', 't_000', 't_002', 'transport_robot_008_m_015', 'transport_robot_004_m_155', 't_009', 't_008']]","[90.76382513661203, 8.641975308641976, 17.0]"
0,"[['t_007', 't_002', 'transport_robot_009_m_105', 't_009', 'transport_robot_000_m_142', 't_005', 'transport_robot_007_m_115', 't_006', 't_000', 'transport_robot_003_m_144', 'transport_robot_004_m_155', 'transport_robot_005_m_178', 't_004', 'transport_robot_000_m_167', 't_001', 't_008', 'transport_robot_008_m_015', 'transport_robot_003_m_152', 't_003'], ['t_005', 'transport_robot_005_m_178', 't_003', 't_007', 'transport_robot_004_m_155', 't_009', 't_008', 'transport_robot_000_m_142', 't_000', 'transport_robot_008_m_015', 't_001', 'transport_robot_009_m_105', 't_004', 'transport_robot_007_m_115', 't_002', 't_006', 'transport_robot_003_m_152', 'transport_robot_000_m_167', 'transport_robot_003_m_144'], ['t_008', 'transport_robot_007_m_115', 'transport_robot_008_m_015', 'transport_robot_004_m_155', 'transport_robot_005_m_178', 't_002', 'transport_robot_000_m_142', 't_003', 't_009', 't_005', 't_006', 'transport_robot_009_m_105', 'transport_robot_000_m_167', 't_001', 't_004', 't_007', 'transport_robot_003_m_144', 'transport_robot_003_m_152', 't_000'], ['transport_robot_007_m_115', 'transport_robot_003_m_144', 't_009', 'transport_robot_000_m_142', 't_000', 'transport_robot_000_m_167', 'transport_robot_009_m_105', 't_005', 't_008', 't_001', 't_004', 'transport_robot_004_m_155', 't_007', 't_006', 't_002', 'transport_robot_005_m_178', 'transport_robot_003_m_152', 't_003', 'transport_robot_008_m_015'], ['transport_robot_004_m_155', 't_000', 't_006', 'transport_robot_003_m_152', 't_002', 't_007', 'transport_robot_009_m_105', 't_003', 'transport_robot_003_m_144', 't_009', 'transport_robot_007_m_115', 'transport_robot_005_m_178', 'transport_robot_000_m_142', 't_005', 'transport_robot_008_m_015', 't_001', 'transport_robot_000_m_167', 't_008', 't_004'], ['t_007', 't_009', 't_005', 'transport_robot_009_m_105', 't_000', 't_002', 'transport_robot_008_m_015', 'transport_robot_003_m_144', 'transport_robot_005_m_178', 'transport_robot_004_m_155', 't_001', 'transport_robot_007_m_115', 't_004', 'transport_robot_003_m_152', 'transport_robot_000_m_167', 't_008', 't_006', 'transport_robot_000_m_142', 't_003'], ['transport_robot_007_m_115', 't_008', 't_009', 't_007', 'transport_robot_005_m_178', 'transport_robot_009_m_105', 'transport_robot_003_m_144', 't_006', 'transport_robot_000_m_142', 't_005', 't_004', 't_000', 'transport_robot_004_m_155', 'transport_robot_003_m_152', 'transport_robot_000_m_167', 't_001', 't_003', 'transport_robot_008_m_015', 't_002'], ['t_007', 't_008', 'transport_robot_000_m_142', 't_002', 'transport_robot_007_m_115', 'transport_robot_005_m_178', 't_006', 'transport_robot_004_m_155', 't_005', 't_000', 't_004', 'transport_robot_003_m_144', 't_001', 't_003', 't_009', 'transport_robot_008_m_015', 'transport_robot_009_m_105', 'transport_robot_000_m_167', 'transport_robot_003_m_152'], ['transport_robot_008_m_015', 'transport_robot_003_m_144', 'transport_robot_000_m_167', 't_009', 't_003', 'transport_robot_009_m_105', 't_004', 't_005', 't_007', 't_008', 'transport_robot_007_m_115', 'transport_robot_000_m_142', 't_006', 't_001', 'transport_robot_005_m_178', 'transport_robot_003_m_152', 't_002', 'transport_robot_004_m_155', 't_000'], ['transport_robot_004_m_155', 'transport_robot_003_m_144', 't_003', 'transport_robot_009_m_105', 'transport_robot_007_m_115', 'transport_robot_000_m_167', 't_005', 't_000', 'transport_robot_000_m_142', 't_002', 't_007', 't_001', 'transport_robot_005_m_178', 't_009', 'transport_robot_003_m_152', 't_004', 'transport_robot_008_m_015', 't_006', 't_008']]","[90.76382513661203, 8.641975308641976, 17.0]"
0,"[['t_007', 't_006', 'transport_robot_007_m_115', 'transport_robot_000_m_142', 't_009', 'transport_robot_009_m_105', 't_000', 'transport_robot_005_m_178', 'transport_robot_000_m_167', 't_008', 'transport_robot_004_m_155', 't_005', 'transport_robot_003_m_152', 't_001', 'transport_robot_008_m_015', 'transport_robot_003_m_144', 't_002', 't_004', 't_003'], ['t_005', 'transport_robot_005_m_178', 't_006', 'transport_robot_009_m_105', 't_003', 't_009', 't_007', 't_001', 'transport_robot_003_m_144', 'transport_robot_000_m_142', 'transport_robot_007_m_115', 't_008', 't_002', 'transport_robot_003_m_152', 't_000', 'transport_robot_000_m_167', 'transport_robot_008_m_015', 't_004', 'transport_robot_004_m_155'], ['transport_robot_007_m_115', 't_004', 'transport_robot_003_m_152', 't_002', 't_009', 'transport_robot_008_m_015', 'transport_robot_004_m_155', 't_001', 'transport_robot_009_m_105', 'transport_robot_005_m_178', 't_007', 't_005', 'transport_robot_000_m_142', 't_003', 'transport_robot_000_m_167', 't_008', 'transport_robot_003_m_144', 't_006', 't_000'], ['transport_robot_007_m_115', 't_000', 't_009', 'transport_robot_003_m_144', 'transport_robot_000_m_142', 't_008', 'transport_robot_005_m_178', 'transport_robot_004_m_155', 't_001', 'transport_robot_003_m_152', 't_005', 'transport_robot_008_m_015', 'transport_robot_009_m_105', 't_006', 't_004', 'transport_robot_000_m_167', 't_007', 't_003', 't_002'], ['transport_robot_004_m_155', 't_000', 't_006', 't_001', 'transport_robot_005_m_178', 't_002', 't_007', 't_008', 't_009', 'transport_robot_009_m_105', 'transport_robot_007_m_115', 'transport_robot_003_m_152', 'transport_robot_008_m_015', 't_004', 't_003', 'transport_robot_000_m_142', 'transport_robot_003_m_144', 'transport_robot_000_m_167', 't_005'], ['t_007', 't_009', 't_005', 'transport_robot_009_m_105', 't_000', 't_002', 't_004', 't_001', 'transport_robot_008_m_015', 'transport_robot_003_m_152', 'transport_robot_005_m_178', 'transport_robot_000_m_167', 'transport_robot_003_m_144', 't_008', 'transport_robot_004_m_155', 't_006', 't_003', 'transport_robot_000_m_142', 'transport_robot_007_m_115'], ['t_008', 'transport_robot_005_m_178', 't_007', 't_001', 'transport_robot_009_m_105', 't_006', 't_009', 'transport_robot_000_m_142', 'transport_robot_004_m_155', 'transport_robot_000_m_167', 't_003', 'transport_robot_003_m_144', 't_005', 't_000', 't_004', 'transport_robot_008_m_015', 'transport_robot_003_m_152', 'transport_robot_007_m_115', 't_002'], ['t_007', 'transport_robot_000_m_142', 'transport_robot_004_m_155', 't_002', 't_008', 't_005', 'transport_robot_007_m_115', 'transport_robot_000_m_167', 'transport_robot_005_m_178', 't_000', 'transport_robot_008_m_015', 't_009', 't_001', 't_004', 'transport_robot_003_m_144', 't_003', 't_006', 'transport_robot_009_m_105', 'transport_robot_003_m_152'], ['t_009', 't_006', 't_007', 'transport_robot_008_m_015', 't_002', 't_001', 't_003', 'transport_robot_000_m_142', 't_005', 'transport_robot_004_m_155', 'transport_robot_009_m_105', 'transport_robot_003_m_152', 'transport_robot_000_m_167', 'transport_robot_005_m_178', 'transport_robot_007_m_115', 't_008', 't_004', 'transport_robot_003_m_144', 't_000'], ['transport_robot_008_m_015', 't_004', 'transport_robot_007_m_115', 'transport_robot_009_m_105', 't_002', 't_003', 'transport_robot_000_m_167', 'transport_robot_005_m_178', 't_009', 'transport_robot_003_m_152', 'transport_robot_000_m_142', 'transport_robot_003_m_144', 't_006', 't_005', 'transport_robot_004_m_155', 't_008', 't_001', 't_007', 't_000']]","[80.71622950819672, 7.421875, 32.0]"
0,"[['t_007', 't_002', 't_009', 'transport_robot_000_m_142', 't_005', 'transport_robot_007_m_115', 't_006', 't_000', 'transport_robot_003_m_144', 'transport_robot_004_m_155', 'transport_robot_005_m_178', 'transport_robot_000_m_167', 'transport_robot_008_m_015', 'transport_robot_009_m_105', 't_004', 't_001', 'transport_robot_003_m_152', 't_008', 't_003'], ['t_005', 'transport_robot_005_m_178', 't_003', 'transport_robot_004_m_155', 'transport_robot_009_m_105', 't_009', 't_006', 't_007', 't_008', 'transport_robot_000_m_142', 't_000', 'transport_robot_008_m_015', 't_001', 't_004', 'transport_robot_007_m_115', 't_002', 'transport_robot_003_m_152', 'transport_robot_000_m_167', 'transport_robot_003_m_144'], ['t_008', 'transport_robot_007_m_115', 't_000', 'transport_robot_004_m_155', 't_002', 'transport_robot_000_m_142', 'transport_robot_005_m_178', 't_009', 'transport_robot_008_m_015', 't_003', 't_005', 't_006', 'transport_robot_009_m_105', 'transport_robot_000_m_167', 't_001', 't_004', 't_007', 'transport_robot_003_m_144', 'transport_robot_003_m_152'], ['transport_robot_007_m_115', 't_000', 't_009', 'transport_robot_000_m_142', 't_008', 'transport_robot_000_m_167', 'transport_robot_009_m_105', 't_005', 'transport_robot_003_m_144', 't_006', 't_001', 'transport_robot_003_m_152', 't_004', 'transport_robot_004_m_155', 'transport_robot_005_m_178', 't_007', 't_003', 't_002', 'transport_robot_008_m_015'], ['transport_robot_004_m_155', 't_000', 't_006', 'transport_robot_003_m_152', 't_002', 't_007', 'transport_robot_009_m_105', 't_009', 'transport_robot_005_m_178', 'transport_robot_000_m_142', 't_001', 't_003', 'transport_robot_008_m_015', 'transport_robot_003_m_144', 'transport_robot_007_m_115', 't_008', 't_005', 'transport_robot_000_m_167', 't_004'], ['t_007', 't_009', 't_005', 'transport_robot_009_m_105', 't_000', 't_002', 'transport_robot_008_m_015', 'transport_robot_003_m_144', 'transport_robot_005_m_178', 'transport_robot_004_m_155', 't_001', 'transport_robot_007_m_115', 'transport_robot_003_m_152', 't_003', 't_004', 'transport_robot_000_m_142', 'transport_robot_000_m_167', 't_008', 't_006'], ['transport_robot_007_m_115', 't_008', 't_009', 't_007', 'transport_robot_005_m_178', 'transport_robot_009_m_105', 't_006', 'transport_robot_000_m_167', 'transport_robot_000_m_142', 'transport_robot_003_m_152', 't_005', 't_004', 't_001', 'transport_robot_003_m_144', 't_000', 't_003', 'transport_robot_008_m_015', 'transport_robot_004_m_155', 't_002'], ['t_007', 'transport_robot_000_m_142', 't_008', 't_002', 'transport_robot_007_m_115', 'transport_robot_005_m_178', 't_006', 'transport_robot_004_m_155', 't_005', 't_000', 't_004', 'transport_robot_003_m_144', 't_001', 't_003', 't_009', 'transport_robot_008_m_015', 'transport_robot_009_m_105', 'transport_robot_000_m_167', 'transport_robot_003_m_152'], ['transport_robot_008_m_015', 'transport_robot_000_m_167', 't_009', 'transport_robot_009_m_105', 't_004', 't_008', 'transport_robot_003_m_144', 't_003', 't_007', 't_005', 'transport_robot_007_m_115', 'transport_robot_000_m_142', 't_006', 't_001', 'transport_robot_005_m_178', 'transport_robot_003_m_152', 't_002', 'transport_robot_004_m_155', 't_000'], ['transport_robot_004_m_155', 'transport_robot_000_m_167', 'transport_robot_000_m_142', 't_002', 'transport_robot_007_m_115', 'transport_robot_003_m_152', 't_003', 'transport_robot_005_m_178', 'transport_robot_003_m_144', 't_005', 't_006', 't_000', 'transport_robot_009_m_105', 't_007', 't_001', 't_009', 't_004', 'transport_robot_008_m_015', 't_008']]","[90.76382513661203, 8.641975308641976, 17.0]"
0,"[['t_002', 't_006', 'transport_robot_007_m_115', 'transport_robot_003_m_144', 'transport_robot_000_m_142', 't_005', 't_009', 't_007', 'transport_robot_005_m_178', 'transport_robot_009_m_105', 'transport_robot_004_m_155', 'transport_robot_000_m_167', 'transport_robot_003_m_152', 't_000', 'transport_robot_008_m_015', 't_004', 't_001', 't_008', 't_003'], ['t_005', 'transport_robot_005_m_178', 't_007', 'transport_robot_004_m_155', 't_009', 'transport_robot_009_m_105', 't_000', 't_008', 't_001', 'transport_robot_000_m_142', 'transport_robot_007_m_115', 'transport_robot_008_m_015', 't_004', 't_003', 'transport_robot_003_m_144', 't_002', 'transport_robot_003_m_152', 'transport_robot_000_m_167', 't_006'], ['t_008', 'transport_robot_007_m_115', 'transport_robot_008_m_015', 'transport_robot_004_m_155', 'transport_robot_005_m_178', 't_002', 't_000', 'transport_robot_000_m_142', 't_009', 't_003', 't_005', 't_006', 'transport_robot_009_m_105', 't_001', 't_004', 't_007', 'transport_robot_000_m_167', 'transport_robot_003_m_144', 'transport_robot_003_m_152'], ['transport_robot_007_m_115', 't_000', 't_009', 'transport_robot_000_m_167', 't_007', 'transport_robot_003_m_152', 'transport_robot_008_m_015', 't_006', 't_002', 't_001', 't_008', 't_005', 'transport_robot_000_m_142', 'transport_robot_004_m_155', 't_004', 'transport_robot_005_m_178', 'transport_robot_003_m_144', 'transport_robot_009_m_105', 't_003'], ['t_005', 't_000', 't_006', 't_009', 'transport_robot_003_m_152', 'transport_robot_000_m_142', 't_001', 'transport_robot_005_m_178', 't_007', 't_003', 't_002', 'transport_robot_009_m_105', 'transport_robot_007_m_115', 'transport_robot_003_m_144', 'transport_robot_008_m_015', 'transport_robot_000_m_167', 'transport_robot_004_m_155', 't_008', 't_004'], ['t_007', 't_009', 'transport_robot_009_m_105', 't_005', 't_006', 'transport_robot_003_m_144', 'transport_robot_004_m_155', 't_002', 'transport_robot_008_m_015', 'transport_robot_005_m_178', 't_000', 't_001', 'transport_robot_007_m_115', 'transport_robot_003_m_152', 't_003', 't_004', 'transport_robot_000_m_167', 't_008', 'transport_robot_000_m_142'], ['transport_robot_007_m_115', 't_008', 't_009', 't_007', 'transport_robot_005_m_178', 'transport_robot_009_m_105', 't_006', 'transport_robot_003_m_152', 'transport_robot_000_m_142', 'transport_robot_000_m_167', 't_003', 'transport_robot_003_m_144', 't_005', 't_000', 't_004', 't_001', 'transport_robot_008_m_015', 'transport_robot_004_m_155', 't_002'], ['t_007', 'transport_robot_000_m_142', 't_008', 't_002', 'transport_robot_004_m_155', 't_005', 'transport_robot_007_m_115', 'transport_robot_003_m_144', 'transport_robot_005_m_178', 't_000', 't_006', 't_004', 't_001', 't_003', 't_009', 'transport_robot_008_m_015', 'transport_robot_000_m_167', 'transport_robot_009_m_105', 'transport_robot_003_m_152'], ['transport_robot_008_m_015', 'transport_robot_007_m_115', 't_009', 't_002', 'transport_robot_003_m_144', 't_003', 't_001', 'transport_robot_000_m_142', 't_005', 't_000', 't_004', 'transport_robot_003_m_152', 'transport_robot_009_m_105', 't_008', 't_007', 'transport_robot_000_m_167', 'transport_robot_005_m_178', 'transport_robot_004_m_155', 't_006'], ['t_004', 'transport_robot_003_m_152', 't_007', 'transport_robot_000_m_167', 'transport_robot_007_m_115', 'transport_robot_005_m_178', 't_003', 't_005', 't_006', 'transport_robot_009_m_105', 'transport_robot_000_m_142', 't_001', 'transport_robot_003_m_144', 't_009', 'transport_robot_008_m_015', 'transport_robot_004_m_155', 't_002', 't_000', 't_008']]","[90.76382513661203, 8.641975308641976, 17.0]"
0,"[['transport_robot_005_m_178', 't_004', 't_000', 't_002', 't_009', 't_008', 't_005', 'transport_robot_009_m_105', 'transport_robot_000_m_167', 't_007', 'transport_robot_008_m_015', 't_001', 'transport_robot_003_m_152', 'transport_robot_004_m_155', 'transport_robot_007_m_115', 't_006', 't_003', 'transport_robot_000_m_142', 'transport_robot_003_m_144'], ['transport_robot_005_m_178', 'transport_robot_009_m_105', 't_003', 't_009', 't_008', 'transport_robot_004_m_155', 't_000', 'transport_robot_000_m_142', 'transport_robot_007_m_115', 'transport_robot_008_m_015', 't_005', 't_007', 't_002', 't_001', 'transport_robot_003_m_144', 'transport_robot_003_m_152', 'transport_robot_000_m_167', 't_004', 't_006'], ['t_000', 'transport_robot_007_m_115', 't_002', 'transport_robot_005_m_178', 'transport_robot_003_m_152', 'transport_robot_008_m_015', 'transport_robot_004_m_155', 't_001', 'transport_robot_009_m_105', 't_004', 't_007', 't_005', 'transport_robot_000_m_142', 't_003', 'transport_robot_000_m_167', 't_008', 't_009', 'transport_robot_003_m_144', 't_006'], ['t_006', 'transport_robot_004_m_155', 'transport_robot_000_m_142', 'transport_robot_003_m_152', 't_005', 'transport_robot_008_m_015', 'transport_robot_009_m_105', 'transport_robot_005_m_178', 't_000', 'transport_robot_003_m_144', 'transport_robot_007_m_115', 't_002', 'transport_robot_000_m_167', 't_003', 't_007', 't_008', 't_004', 't_001', 't_009'], ['transport_robot_000_m_142', 't_001', 't_000', 't_003', 't_008', 't_009', 'transport_robot_009_m_105', 'transport_robot_007_m_115', 'transport_robot_008_m_015', 't_002', 'transport_robot_003_m_152', 't_007', 'transport_robot_005_m_178', 'transport_robot_004_m_155', 'transport_robot_003_m_144', 't_005', 'transport_robot_000_m_167', 't_004', 't_006'], ['transport_robot_003_m_152', 'transport_robot_005_m_178', 't_001', 't_009', 'transport_robot_009_m_105', 't_007', 't_006', 't_003', 'transport_robot_003_m_144', 'transport_robot_000_m_142', 't_002', 't_004', 'transport_robot_000_m_167', 't_008', 'transport_robot_007_m_115', 'transport_robot_004_m_155', 'transport_robot_008_m_015', 't_005', 't_000'], ['transport_robot_007_m_115', 't_000', 'transport_robot_005_m_178', 't_007', 'transport_robot_009_m_105', 'transport_robot_000_m_167', 't_004', 't_009', 't_001', 'transport_robot_003_m_144', 'transport_robot_004_m_155', 'transport_robot_008_m_015', 'transport_robot_003_m_152', 'transport_robot_000_m_142', 't_006', 't_008', 't_003', 't_002', 't_005'], ['t_006', 't_005', 'transport_robot_000_m_167', 'transport_robot_000_m_142', 'transport_robot_005_m_178', 't_000', 't_002', 't_008', 't_007', 'transport_robot_008_m_015', 't_009', 't_001', 't_004', 'transport_robot_007_m_115', 'transport_robot_003_m_144', 't_003', 'transport_robot_004_m_155', 'transport_robot_009_m_105', 'transport_robot_003_m_152'], ['t_003', 't_002', 't_007', 't_009', 't_008', 't_001', 'transport_robot_008_m_015', 't_006', 't_004', 'transport_robot_003_m_152', 'transport_robot_004_m_155', 'transport_robot_009_m_105', 't_000', 't_005', 'transport_robot_000_m_167', 'transport_robot_000_m_142', 'transport_robot_005_m_178', 'transport_robot_007_m_115', 'transport_robot_003_m_144'], ['t_004', 'transport_robot_000_m_167', 'transport_robot_005_m_178', 'transport_robot_009_m_105', 't_006', 't_001', 't_007', 'transport_robot_003_m_144', 't_002', 'transport_robot_000_m_142', 'transport_robot_003_m_152', 't_005', 'transport_robot_004_m_155', 't_008', 't_003', 't_009', 't_000', 'transport_robot_008_m_015', 'transport_robot_007_m_115']]","[100.60338797814208, 16.6, 14.0]"
0,"[['t_007', 't_006', 'transport_robot_007_m_115', 'transport_robot_000_m_142', 't_005', 't_009', 'transport_robot_009_m_105', 't_000', 'transport_robot_005_m_178', 't_008', 'transport_robot_000_m_167', 't_004', 'transport_robot_004_m_155', 't_001', 't_002', 'transport_robot_003_m_144', 'transport_robot_008_m_015', 'transport_robot_003_m_152', 't_003'], ['t_005', 'transport_robot_005_m_178', 't_006', 't_008', 'transport_robot_004_m_155', 't_003', 'transport_robot_009_m_105', 't_009', 't_001', 'transport_robot_000_m_142', 't_000', 't_004', 't_007', 'transport_robot_000_m_167', 't_002', 'transport_robot_008_m_015', 'transport_robot_003_m_144', 'transport_robot_007_m_115', 'transport_robot_003_m_152'], ['t_000', 'transport_robot_007_m_115', 'transport_robot_008_m_015', 'transport_robot_004_m_155', 'transport_robot_005_m_178', 't_009', 'transport_robot_003_m_152', 't_005', 't_006', 't_007', 'transport_robot_009_m_105', 't_002', 'transport_robot_000_m_142', 't_001', 't_003', 't_004', 't_008', 'transport_robot_003_m_144', 'transport_robot_000_m_167'], ['transport_robot_007_m_115', 'transport_robot_003_m_144', 'transport_robot_000_m_167', 't_009', 'transport_robot_003_m_152', 'transport_robot_000_m_142', 'transport_robot_008_m_015', 't_008', 't_000', 't_001', 't_007', 't_002', 't_005', 't_004', 'transport_robot_004_m_155', 't_006', 'transport_robot_005_m_178', 't_003', 'transport_robot_009_m_105'], ['transport_robot_003_m_152', 't_000', 'transport_robot_004_m_155', 'transport_robot_000_m_167', 't_005', 'transport_robot_000_m_142', 't_002', 'transport_robot_009_m_105', 't_003', 'transport_robot_005_m_178', 'transport_robot_003_m_144', 't_009', 'transport_robot_007_m_115', 'transport_robot_008_m_015', 't_008', 't_007', 't_001', 't_006', 't_004'], ['t_007', 't_009', 't_002', 'transport_robot_000_m_142', 'transport_robot_003_m_144', 't_006', 't_005', 'transport_robot_004_m_155', 't_001', 'transport_robot_009_m_105', 'transport_robot_000_m_167', 't_004', 't_000', 'transport_robot_007_m_115', 'transport_robot_003_m_152', 'transport_robot_008_m_015', 't_003', 't_008', 'transport_robot_005_m_178'], ['transport_robot_007_m_115', 't_008', 'transport_robot_005_m_178', 't_007', 't_004', 't_000', 'transport_robot_009_m_105', 't_006', 't_005', 'transport_robot_000_m_167', 't_009', 'transport_robot_003_m_144', 'transport_robot_000_m_142', 'transport_robot_003_m_152', 't_003', 'transport_robot_008_m_015', 't_001', 'transport_robot_004_m_155', 't_002'], ['t_007', 'transport_robot_000_m_142', 't_002', 't_005', 't_001', 't_009', 't_008', 'transport_robot_008_m_015', 'transport_robot_005_m_178', 't_006', 't_000', 'transport_robot_003_m_144', 'transport_robot_007_m_115', 'transport_robot_004_m_155', 't_004', 'transport_robot_000_m_167', 't_003', 'transport_robot_003_m_152', 'transport_robot_009_m_105'], ['t_001', 't_009', 't_003', 't_002', 'transport_robot_008_m_015', 't_005', 't_004', 'transport_robot_009_m_105', 'transport_robot_005_m_178', 'transport_robot_000_m_167', 'transport_robot_000_m_142', 'transport_robot_003_m_144', 'transport_robot_007_m_115', 't_000', 'transport_robot_004_m_155', 't_008', 't_006', 'transport_robot_003_m_152', 't_007'], ['transport_robot_009_m_105', 't_000', 't_009', 'transport_robot_000_m_167', 'transport_robot_004_m_155', 'transport_robot_003_m_152', 'transport_robot_000_m_142', 'transport_robot_003_m_144', 't_006', 't_003', 'transport_robot_005_m_178', 't_005', 't_001', 't_002', 'transport_robot_007_m_115', 't_007', 'transport_robot_008_m_015', 't_004', 't_008']]","[90.69688524590164, 8.641975308641976, 18.0]"
0,"[['t_007', 't_006', 'transport_robot_007_m_115', 't_000', 't_009', 'transport_robot_000_m_142', 't_005', 'transport_robot_004_m_155', 't_008', 'transport_robot_009_m_105', 'transport_robot_005_m_178', 'transport_robot_000_m_167', 't_004', 't_001', 'transport_robot_008_m_015', 'transport_robot_003_m_152', 'transport_robot_003_m_144', 't_002', 't_003'], ['t_005', 'transport_robot_005_m_178', 't_006', 't_002', 't_009', 't_008', 'transport_robot_004_m_155', 't_003', 't_001', 'transport_robot_000_m_142', 't_000', 't_004', 't_007', 'transport_robot_000_m_167', 'transport_robot_009_m_105', 'transport_robot_008_m_015', 'transport_robot_003_m_144', 'transport_robot_007_m_115', 'transport_robot_003_m_152'], ['t_008', 'transport_robot_007_m_115', 'transport_robot_008_m_015', 'transport_robot_004_m_155', 'transport_robot_005_m_178', 'transport_robot_003_m_152', 't_005', 't_007', 't_006', 't_009', 't_003', 'transport_robot_009_m_105', 't_002', 'transport_robot_000_m_142', 't_001', 'transport_robot_003_m_144', 't_004', 'transport_robot_000_m_167', 't_000'], ['transport_robot_007_m_115', 'transport_robot_003_m_144', 't_009', 'transport_robot_000_m_142', 'transport_robot_003_m_152', 'transport_robot_008_m_015', 't_000', 't_008', 't_001', 't_004', 'transport_robot_000_m_167', 'transport_robot_005_m_178', 't_005', 'transport_robot_004_m_155', 't_007', 't_006', 't_002', 't_003', 'transport_robot_009_m_105'], ['transport_robot_003_m_152', 't_000', 'transport_robot_004_m_155', 't_004', 't_005', 'transport_robot_000_m_167', 't_002', 't_006', 't_001', 't_003', 'transport_robot_000_m_142', 'transport_robot_009_m_105', 'transport_robot_008_m_015', 'transport_robot_005_m_178', 'transport_robot_003_m_144', 'transport_robot_007_m_115', 't_009', 't_008', 't_007'], ['t_007', 't_009', 't_002', 'transport_robot_003_m_144', 't_006', 't_005', 't_001', 'transport_robot_009_m_105', 'transport_robot_000_m_167', 't_004', 't_000', 'transport_robot_005_m_178', 'transport_robot_004_m_155', 'transport_robot_007_m_115', 'transport_robot_000_m_142', 'transport_robot_003_m_152', 't_003', 'transport_robot_008_m_015', 't_008'], ['t_008', 'transport_robot_007_m_115', 't_000', 'transport_robot_009_m_105', 'transport_robot_005_m_178', 't_007', 't_004', 't_006', 't_005', 'transport_robot_000_m_167', 't_009', 'transport_robot_003_m_144', 'transport_robot_000_m_142', 'transport_robot_003_m_152', 't_003', 'transport_robot_008_m_015', 't_001', 'transport_robot_004_m_155', 't_002'], ['t_007', 'transport_robot_000_m_142', 't_002', 'transport_robot_003_m_144', 'transport_robot_004_m_155', 't_005', 'transport_robot_007_m_115', 't_008', 't_009', 'transport_robot_005_m_178', 't_006', 't_001', 'transport_robot_008_m_015', 't_000', 't_004', 't_003', 'transport_robot_000_m_167', 'transport_robot_009_m_105', 'transport_robot_003_m_152'], ['transport_robot_003_m_144', 'transport_robot_000_m_167', 't_003', 't_002', 'transport_robot_008_m_015', 'transport_robot_004_m_155', 't_009', 't_001', 't_005', 'transport_robot_007_m_115', 'transport_robot_000_m_142', 't_004', 'transport_robot_009_m_105', 'transport_robot_005_m_178', 't_000', 't_008', 't_007', 't_006', 'transport_robot_003_m_152'], ['transport_robot_005_m_178', 't_004', 'transport_robot_009_m_105', 'transport_robot_000_m_167', 't_001', 'transport_robot_003_m_152', 'transport_robot_000_m_142', 'transport_robot_003_m_144', 't_006', 't_007', 't_003', 't_005', 't_002', 't_000', 't_009', 'transport_robot_004_m_155', 'transport_robot_007_m_115', 'transport_robot_008_m_015', 't_008']]","[89.86251366120219, 12.49210958212347, 19.0]"
0,"[['t_007', 't_005', 't_000', 't_006', 't_002', 'transport_robot_007_m_115', 't_009', 'transport_robot_000_m_142', 'transport_robot_003_m_144', 'transport_robot_004_m_155', 'transport_robot_005_m_178', 'transport_robot_000_m_167', 'transport_robot_008_m_015', 'transport_robot_009_m_105', 't_004', 't_001', 'transport_robot_003_m_152', 't_008', 't_003'], ['t_005', 'transport_robot_005_m_178', 't_007', 't_003', 'transport_robot_004_m_155', 'transport_robot_009_m_105', 't_009', 't_006', 't_008', 't_001', 'transport_robot_000_m_142', 't_000', 'transport_robot_008_m_015', 'transport_robot_007_m_115', 't_004', 't_002', 'transport_robot_000_m_167', 'transport_robot_003_m_152', 'transport_robot_003_m_144'], ['t_008', 'transport_robot_007_m_115', 'transport_robot_008_m_015', 'transport_robot_004_m_155', 't_002', 't_000', 'transport_robot_000_m_142', 'transport_robot_005_m_178', 't_009', 't_003', 't_005', 't_006', 't_001', 'transport_robot_009_m_105', 't_004', 't_007', 'transport_robot_000_m_167', 'transport_robot_003_m_144', 'transport_robot_003_m_152'], ['t_005', 'transport_robot_007_m_115', 't_000', 'transport_robot_000_m_142', 'transport_robot_003_m_144', 'transport_robot_000_m_167', 't_008', 'transport_robot_003_m_152', 't_009', 't_001', 'transport_robot_009_m_105', 'transport_robot_004_m_155', 't_006', 't_004', 'transport_robot_005_m_178', 't_007', 't_003', 'transport_robot_008_m_015', 't_002'], ['transport_robot_004_m_155', 't_000', 't_006', 't_009', 'transport_robot_003_m_152', 'transport_robot_000_m_142', 't_002', 't_005', 'transport_robot_005_m_178', 't_001', 't_007', 't_003', 'transport_robot_009_m_105', 'transport_robot_008_m_015', 'transport_robot_003_m_144', 'transport_robot_007_m_115', 't_008', 'transport_robot_000_m_167', 't_004'], ['t_007', 't_009', 'transport_robot_009_m_105', 't_005', 'transport_robot_004_m_155', 'transport_robot_008_m_015', 't_002', 'transport_robot_005_m_178', 't_000', 't_001', 'transport_robot_007_m_115', 'transport_robot_003_m_152', 'transport_robot_003_m_144', 't_003', 't_006', 'transport_robot_000_m_142', 't_004', 'transport_robot_000_m_167', 't_008'], ['transport_robot_007_m_115', 't_008', 't_009', 'transport_robot_005_m_178', 'transport_robot_009_m_105', 't_007', 't_006', 'transport_robot_000_m_167', 'transport_robot_000_m_142', 't_005', 'transport_robot_003_m_152', 't_004', 't_001', 'transport_robot_003_m_144', 't_000', 't_003', 'transport_robot_008_m_015', 'transport_robot_004_m_155', 't_002'], ['t_007', 'transport_robot_000_m_142', 't_008', 't_002', 'transport_robot_004_m_155', 'transport_robot_003_m_144', 't_005', 'transport_robot_007_m_115', 'transport_robot_005_m_178', 't_000', 't_006', 't_004', 't_001', 't_003', 't_009', 'transport_robot_003_m_152', 'transport_robot_000_m_167', 'transport_robot_008_m_015', 'transport_robot_009_m_105'], ['transport_robot_008_m_015', 't_009', 't_001', 't_002', 'transport_robot_000_m_142', 'transport_robot_007_m_115', 'transport_robot_003_m_144', 't_003', 't_007', 't_005', 't_000', 't_004', 'transport_robot_005_m_178', 'transport_robot_000_m_167', 'transport_robot_009_m_105', 'transport_robot_004_m_155', 't_008', 't_006', 'transport_robot_003_m_152'], ['t_004', 't_007', 'transport_robot_004_m_155', 'transport_robot_000_m_167', 'transport_robot_003_m_144', 'transport_robot_003_m_152', 't_003', 'transport_robot_005_m_178', 't_005', 't_006', 't_000', 'transport_robot_009_m_105', 'transport_robot_000_m_142', 'transport_robot_007_m_115', 't_001', 't_002', 't_009', 'transport_robot_008_m_015', 't_008']]","[90.76382513661203, 8.641975308641976, 17.0]"
0,"[['t_006', 'transport_robot_003_m_144', 'transport_robot_000_m_142', 't_007', 't_001', 't_002', 't_009', 't_005', 't_008', 'transport_robot_005_m_178', 'transport_robot_000_m_167', 'transport_robot_009_m_105', 't_004', 'transport_robot_007_m_115', 't_000', 'transport_robot_004_m_155', 'transport_robot_003_m_152', 'transport_robot_008_m_015', 't_003'], ['t_005', 'transport_robot_005_m_178', 't_006', 't_007', 'transport_robot_009_m_105', 't_009', 't_001', 't_004', 't_008', 't_002', 'transport_robot_000_m_167', 'transport_robot_004_m_155', 'transport_robot_007_m_115', 'transport_robot_000_m_142', 'transport_robot_008_m_015', 't_000', 't_003', 'transport_robot_003_m_144', 'transport_robot_003_m_152'], ['t_002', 'transport_robot_007_m_115', 'transport_robot_003_m_152', 't_004', 't_008', 'transport_robot_004_m_155', 'transport_robot_008_m_015', 't_005', 't_006', 't_009', 't_003', 'transport_robot_009_m_105', 't_007', 'transport_robot_005_m_178', 'transport_robot_000_m_142', 't_001', 'transport_robot_000_m_167', 'transport_robot_003_m_144', 't_000'], ['t_009', 'transport_robot_003_m_152', 'transport_robot_008_m_015', 't_000', 'transport_robot_000_m_167', 'transport_robot_000_m_142', 'transport_robot_003_m_144', 't_001', 't_008', 'transport_robot_004_m_155', 't_004', 'transport_robot_005_m_178', 't_007', 't_002', 't_005', 't_006', 't_003', 'transport_robot_009_m_105', 'transport_robot_007_m_115'], ['t_000', 'transport_robot_003_m_152', 'transport_robot_005_m_178', 't_009', 't_007', 'transport_robot_000_m_142', 't_001', 'transport_robot_009_m_105', 'transport_robot_007_m_115', 't_002', 'transport_robot_003_m_144', 'transport_robot_004_m_155', 'transport_robot_008_m_015', 't_008', 't_003', 't_004', 't_006', 't_005', 'transport_robot_000_m_167'], ['transport_robot_000_m_142', 't_007', 'transport_robot_009_m_105', 't_005', 't_002', 't_001', 't_008', 't_003', 'transport_robot_005_m_178', 'transport_robot_003_m_152', 'transport_robot_004_m_155', 'transport_robot_007_m_115', 't_004', 'transport_robot_000_m_167', 't_006', 't_000', 'transport_robot_008_m_015', 't_009', 'transport_robot_003_m_144'], ['t_002', 't_001', 'transport_robot_005_m_178', 't_007', 'transport_robot_007_m_115', 't_008', 'transport_robot_000_m_167', 't_009', 'transport_robot_003_m_144', 't_006', 'transport_robot_000_m_142', 'transport_robot_009_m_105', 't_005', 't_000', 't_004', 'transport_robot_003_m_152', 't_003', 'transport_robot_008_m_015', 'transport_robot_004_m_155'], ['transport_robot_000_m_142', 't_002', 'transport_robot_004_m_155', 't_005', 'transport_robot_003_m_144', 't_008', 'transport_robot_008_m_015', 'transport_robot_007_m_115', 'transport_robot_005_m_178', 't_000', 't_006', 't_009', 'transport_robot_003_m_152', 't_004', 't_001', 't_003', 't_007', 'transport_robot_009_m_105', 'transport_robot_000_m_167'], ['transport_robot_003_m_144', 't_009', 't_003', 'transport_robot_000_m_142', 'transport_robot_008_m_015', 't_006', 't_002', 't_000', 'transport_robot_004_m_155', 'transport_robot_009_m_105', 't_004', 'transport_robot_005_m_178', 't_001', 't_005', 't_007', 'transport_robot_000_m_167', 't_008', 'transport_robot_003_m_152', 'transport_robot_007_m_115'], ['transport_robot_003_m_152', 't_003', 'transport_robot_005_m_178', 'transport_robot_004_m_155', 'transport_robot_009_m_105', 't_005', 't_001', 't_009', 't_007', 'transport_robot_000_m_167', 'transport_robot_003_m_144', 't_006', 'transport_robot_000_m_142', 'transport_robot_007_m_115', 't_004', 't_002', 't_000', 'transport_robot_008_m_015', 't_008']]","[80.85333333333334, 9.375, 25.0]"
0,"[['t_007', 't_006', 't_000', 'transport_robot_007_m_115', 'transport_robot_000_m_142', 't_005', 't_009', 'transport_robot_004_m_155', 'transport_robot_005_m_178', 't_002', 'transport_robot_009_m_105', 't_004', 'transport_robot_000_m_167', 'transport_robot_003_m_152', 'transport_robot_008_m_015', 't_001', 'transport_robot_003_m_144', 't_008', 't_003'], ['t_005', 'transport_robot_005_m_178', 't_006', 't_001', 't_007', 'transport_robot_004_m_155', 'transport_robot_009_m_105', 't_009', 't_008', 'transport_robot_000_m_142', 't_000', 'transport_robot_008_m_015', 't_004', 'transport_robot_007_m_115', 'transport_robot_000_m_167', 't_003', 't_002', 'transport_robot_003_m_152', 'transport_robot_003_m_144'], ['t_008', 'transport_robot_007_m_115', 'transport_robot_008_m_015', 'transport_robot_004_m_155', 'transport_robot_005_m_178', 't_009', 't_002', 'transport_robot_000_m_142', 'transport_robot_003_m_152', 't_005', 't_006', 'transport_robot_009_m_105', 't_007', 't_001', 't_004', 'transport_robot_003_m_144', 'transport_robot_000_m_167', 't_003', 't_000'], ['transport_robot_007_m_115', 'transport_robot_000_m_167', 'transport_robot_003_m_144', 't_009', 'transport_robot_003_m_152', 'transport_robot_000_m_142', 'transport_robot_008_m_015', 't_008', 't_000', 't_001', 't_004', 'transport_robot_004_m_155', 't_007', 't_006', 't_002', 't_005', 'transport_robot_005_m_178', 'transport_robot_009_m_105', 't_003'], ['transport_robot_004_m_155', 't_000', 't_007', 'transport_robot_003_m_152', 'transport_robot_000_m_142', 'transport_robot_000_m_167', 't_002', 't_006', 't_001', 't_003', 'transport_robot_009_m_105', 'transport_robot_008_m_015', 'transport_robot_003_m_144', 'transport_robot_007_m_115', 't_009', 'transport_robot_005_m_178', 't_008', 't_005', 't_004'], ['t_007', 't_009', 't_005', 't_001', 'transport_robot_009_m_105', 't_004', 'transport_robot_008_m_015', 'transport_robot_003_m_144', 't_006', 't_002', 'transport_robot_005_m_178', 'transport_robot_004_m_155', 'transport_robot_007_m_115', 'transport_robot_000_m_142', 'transport_robot_003_m_152', 't_003', 'transport_robot_000_m_167', 't_000', 't_008'], ['transport_robot_007_m_115', 't_008', 't_000', 't_007', 'transport_robot_005_m_178', 't_004', 'transport_robot_009_m_105', 't_006', 'transport_robot_000_m_167', 't_009', 'transport_robot_003_m_144', 'transport_robot_008_m_015', 't_005', 't_003', 'transport_robot_000_m_142', 'transport_robot_004_m_155', 't_001', 'transport_robot_003_m_152', 't_002'], ['t_007', 'transport_robot_000_m_142', 't_002', 'transport_robot_004_m_155', 'transport_robot_003_m_144', 't_005', 'transport_robot_007_m_115', 't_008', 't_009', 'transport_robot_005_m_178', 't_006', 't_000', 't_004', 't_001', 'transport_robot_008_m_015', 't_003', 'transport_robot_000_m_167', 'transport_robot_009_m_105', 'transport_robot_003_m_152'], ['transport_robot_008_m_015', 'transport_robot_003_m_144', 'transport_robot_000_m_167', 't_009', 't_001', 't_003', 'transport_robot_000_m_142', 'transport_robot_007_m_115', 'transport_robot_005_m_178', 't_000', 't_002', 'transport_robot_004_m_155', 't_004', 't_008', 'transport_robot_009_m_105', 't_006', 't_005', 't_007', 'transport_robot_003_m_152'], ['t_004', 'transport_robot_009_m_105', 'transport_robot_004_m_155', 'transport_robot_003_m_152', 'transport_robot_005_m_178', 't_006', 'transport_robot_000_m_167', 't_001', 't_003', 'transport_robot_000_m_142', 'transport_robot_003_m_144', 't_007', 't_009', 't_005', 't_002', 'transport_robot_007_m_115', 't_000', 'transport_robot_008_m_015', 't_008']]","[90.76382513661203, 8.641975308641976, 17.0]"
0,"[['t_007', 't_002', 't_006', 't_000', 'transport_robot_007_m_115', 't_009', 'transport_robot_000_m_142', 't_005', 'transport_robot_003_m_144', 'transport_robot_004_m_155', 'transport_robot_005_m_178', 'transport_robot_000_m_167', 'transport_robot_008_m_015', 'transport_robot_009_m_105', 't_004', 't_001', 'transport_robot_003_m_152', 't_008', 't_003'], ['t_005', 'transport_robot_005_m_178', 't_007', 'transport_robot_004_m_155', 'transport_robot_009_m_105', 't_009', 't_006', 't_008', 't_001', 'transport_robot_000_m_142', 't_000', 'transport_robot_008_m_015', 'transport_robot_007_m_115', 't_004', 't_002', 'transport_robot_003_m_152', 'transport_robot_000_m_167', 't_003', 'transport_robot_003_m_144'], ['t_008', 'transport_robot_007_m_115', 'transport_robot_008_m_015', 'transport_robot_004_m_155', 't_002', 'transport_robot_005_m_178', 'transport_robot_000_m_142', 't_009', 't_003', 't_005', 't_006', 'transport_robot_009_m_105', 't_007', 't_001', 't_004', 'transport_robot_000_m_167', 'transport_robot_003_m_144', 'transport_robot_003_m_152', 't_000'], ['transport_robot_007_m_115', 't_009', 'transport_robot_000_m_142', 'transport_robot_003_m_144', 'transport_robot_003_m_152', 'transport_robot_000_m_167', 't_001', 't_000', 't_008', 't_004', 'transport_robot_004_m_155', 'transport_robot_005_m_178', 't_007', 't_006', 't_002', 't_005', 't_003', 'transport_robot_009_m_105', 'transport_robot_008_m_015'], ['transport_robot_004_m_155', 't_000', 't_006', 't_007', 'transport_robot_003_m_152', 'transport_robot_000_m_142', 't_002', 'transport_robot_009_m_105', 't_003', 'transport_robot_008_m_015', 'transport_robot_000_m_167', 'transport_robot_005_m_178', 'transport_robot_003_m_144', 't_009', 't_001', 't_008', 't_005', 'transport_robot_007_m_115', 't_004'], ['t_007', 't_009', 't_005', 'transport_robot_009_m_105', 'transport_robot_004_m_155', 't_002', 'transport_robot_008_m_015', 'transport_robot_005_m_178', 't_000', 't_001', 'transport_robot_007_m_115', 't_004', 'transport_robot_003_m_152', 't_003', 'transport_robot_003_m_144', 'transport_robot_000_m_142', 'transport_robot_000_m_167', 't_008', 't_006'], ['transport_robot_007_m_115', 't_008', 't_009', 'transport_robot_009_m_105', 'transport_robot_005_m_178', 't_007', 'transport_robot_003_m_144', 't_005', 't_000', 't_006', 'transport_robot_000_m_167', 'transport_robot_000_m_142', 'transport_robot_003_m_152', 't_003', 't_004', 't_001', 'transport_robot_008_m_015', 'transport_robot_004_m_155', 't_002'], ['t_007', 'transport_robot_000_m_142', 't_008', 't_002', 'transport_robot_004_m_155', 'transport_robot_003_m_144', 't_005', 'transport_robot_007_m_115', 'transport_robot_005_m_178', 't_000', 't_006', 't_004', 't_001', 't_003', 'transport_robot_003_m_152', 'transport_robot_008_m_015', 'transport_robot_000_m_167', 'transport_robot_009_m_105', 't_009'], ['transport_robot_008_m_015', 'transport_robot_003_m_144', 'transport_robot_007_m_115', 't_009', 't_002', 't_001', 't_003', 'transport_robot_000_m_142', 't_005', 't_000', 't_004', 'transport_robot_005_m_178', 'transport_robot_000_m_167', 'transport_robot_009_m_105', 'transport_robot_004_m_155', 't_007', 't_008', 'transport_robot_003_m_152', 't_006'], ['t_004', 'transport_robot_009_m_105', 'transport_robot_007_m_115', 't_007', 'transport_robot_004_m_155', 'transport_robot_003_m_152', 't_003', 'transport_robot_005_m_178', 't_005', 't_006', 'transport_robot_000_m_167', 'transport_robot_000_m_142', 't_001', 't_002', 't_000', 't_009', 'transport_robot_003_m_144', 'transport_robot_008_m_015', 't_008']]","[90.76382513661203, 8.641975308641976, 17.0]"
0,"[['t_007', 't_002', 't_006', 't_009', 'transport_robot_000_m_142', 't_005', 'transport_robot_007_m_115', 'transport_robot_009_m_105', 'transport_robot_005_m_178', 'transport_robot_000_m_167', 't_004', 'transport_robot_004_m_155', 'transport_robot_003_m_152', 't_000', 't_001', 't_008', 'transport_robot_008_m_015', 'transport_robot_003_m_144', 't_003'], ['t_005', 'transport_robot_005_m_178', 't_008', 'transport_robot_000_m_142', 't_007', 'transport_robot_009_m_105', 't_000', 't_001', 't_009', 'transport_robot_000_m_167', 'transport_robot_008_m_015', 't_003', 't_004', 'transport_robot_007_m_115', 't_002', 't_006', 'transport_robot_003_m_152', 'transport_robot_004_m_155', 'transport_robot_003_m_144'], ['t_008', 'transport_robot_007_m_115', 'transport_robot_008_m_015', 'transport_robot_004_m_155', 't_003', 't_009', 't_004', 't_002', 'transport_robot_009_m_105', 't_001', 'transport_robot_000_m_167', 't_005', 'transport_robot_005_m_178', 't_006', 'transport_robot_000_m_142', 't_007', 'transport_robot_003_m_144', 'transport_robot_003_m_152', 't_000'], ['t_009', 'transport_robot_007_m_115', 'transport_robot_003_m_144', 'transport_robot_003_m_152', 't_000', 'transport_robot_008_m_015', 'transport_robot_000_m_167', 'transport_robot_000_m_142', 't_006', 't_002', 'transport_robot_009_m_105', 't_008', 't_005', 't_004', 'transport_robot_005_m_178', 'transport_robot_004_m_155', 't_007', 't_001', 't_003'], ['transport_robot_004_m_155', 't_000', 't_006', 't_007', 'transport_robot_003_m_152', 't_002', 'transport_robot_009_m_105', 't_003', 'transport_robot_003_m_144', 't_009', 'transport_robot_007_m_115', 'transport_robot_005_m_178', 'transport_robot_000_m_142', 't_005', 'transport_robot_008_m_015', 't_001', 'transport_robot_000_m_167', 't_008', 't_004'], ['t_007', 't_009', 'transport_robot_009_m_105', 't_005', 'transport_robot_008_m_015', 't_000', 't_001', 't_002', 'transport_robot_005_m_178', 'transport_robot_004_m_155', 'transport_robot_007_m_115', 't_004', 't_003', 'transport_robot_003_m_152', 't_008', 'transport_robot_000_m_167', 't_006', 'transport_robot_000_m_142', 'transport_robot_003_m_144'], ['transport_robot_007_m_115', 't_008', 't_000', 'transport_robot_005_m_178', 'transport_robot_000_m_167', 't_007', 'transport_robot_009_m_105', 't_004', 't_009', 't_006', 'transport_robot_000_m_142', 'transport_robot_003_m_144', 'transport_robot_004_m_155', 'transport_robot_003_m_152', 't_003', 't_001', 't_005', 'transport_robot_008_m_015', 't_002'], ['t_007', 'transport_robot_000_m_142', 't_008', 't_005', 't_002', 'transport_robot_007_m_115', 'transport_robot_004_m_155', 'transport_robot_005_m_178', 't_006', 't_000', 't_004', 'transport_robot_003_m_144', 't_001', 't_003', 't_009', 'transport_robot_008_m_015', 'transport_robot_009_m_105', 'transport_robot_000_m_167', 'transport_robot_003_m_152'], ['transport_robot_008_m_015', 'transport_robot_003_m_144', 't_003', 't_009', 'transport_robot_009_m_105', 't_004', 'transport_robot_000_m_167', 't_005', 't_007', 't_008', 'transport_robot_007_m_115', 'transport_robot_000_m_142', 't_006', 't_001', 'transport_robot_005_m_178', 'transport_robot_003_m_152', 't_002', 'transport_robot_004_m_155', 't_000'], ['transport_robot_004_m_155', 't_000', 't_003', 'transport_robot_009_m_105', 'transport_robot_007_m_115', 'transport_robot_000_m_167', 'transport_robot_000_m_142', 'transport_robot_003_m_144', 't_005', 't_007', 't_001', 'transport_robot_005_m_178', 't_009', 'transport_robot_003_m_152', 't_004', 'transport_robot_008_m_015', 't_006', 't_002', 't_008']]","[90.76382513661203, 8.641975308641976, 17.0]"
0,"[['t_007', 't_005', 't_000', 't_006', 't_002', 'transport_robot_007_m_115', 't_009', 'transport_robot_000_m_142', 'transport_robot_003_m_144', 'transport_robot_004_m_155', 'transport_robot_005_m_178', 'transport_robot_000_m_167', 'transport_robot_008_m_015', 'transport_robot_009_m_105', 't_004', 'transport_robot_003_m_152', 't_001', 't_008', 't_003'], ['t_005', 'transport_robot_005_m_178', 't_007', 'transport_robot_004_m_155', 'transport_robot_009_m_105', 't_009', 't_003', 't_006', 't_008', 't_004', 'transport_robot_003_m_144', 't_000', 'transport_robot_008_m_015', 'transport_robot_007_m_115', 't_001', 't_002', 'transport_robot_003_m_152', 'transport_robot_000_m_167', 'transport_robot_000_m_142'], ['t_008', 'transport_robot_007_m_115', 'transport_robot_004_m_155', 'transport_robot_005_m_178', 't_002', 't_000', 'transport_robot_000_m_142', 't_009', 't_003', 't_005', 'transport_robot_009_m_105', 't_006', 't_001', 't_004', 't_007', 'transport_robot_008_m_015', 'transport_robot_000_m_167', 'transport_robot_003_m_144', 'transport_robot_003_m_152'], ['transport_robot_007_m_115', 't_009', 'transport_robot_003_m_144', 'transport_robot_000_m_142', 'transport_robot_003_m_152', 't_005', 'transport_robot_000_m_167', 't_006', 't_002', 't_001', 't_008', 't_000', 't_004', 'transport_robot_005_m_178', 'transport_robot_009_m_105', 'transport_robot_004_m_155', 't_007', 't_003', 'transport_robot_008_m_015'], ['transport_robot_004_m_155', 't_000', 't_006', 'transport_robot_003_m_152', 'transport_robot_000_m_142', 't_002', 't_005', 'transport_robot_005_m_178', 't_007', 't_003', 'transport_robot_009_m_105', 'transport_robot_008_m_015', 'transport_robot_007_m_115', 't_009', 't_008', 't_001', 'transport_robot_000_m_167', 'transport_robot_003_m_144', 't_004'], ['t_005', 'transport_robot_009_m_105', 't_002', 'transport_robot_000_m_142', 'transport_robot_003_m_144', 't_006', 't_007', 't_000', 'transport_robot_004_m_155', 'transport_robot_005_m_178', 't_001', 'transport_robot_007_m_115', 'transport_robot_003_m_152', 'transport_robot_008_m_015', 't_003', 't_008', 't_009', 't_004', 'transport_robot_000_m_167'], ['t_008', 't_000', 't_009', 't_007', 'transport_robot_005_m_178', 'transport_robot_009_m_105', 'transport_robot_003_m_144', 't_006', 'transport_robot_000_m_167', 'transport_robot_000_m_142', 'transport_robot_003_m_152', 't_003', 'transport_robot_007_m_115', 't_004', 't_005', 'transport_robot_008_m_015', 't_001', 'transport_robot_004_m_155', 't_002'], ['transport_robot_000_m_142', 't_008', 't_002', 't_005', 'transport_robot_004_m_155', 'transport_robot_005_m_178', 'transport_robot_008_m_015', 'transport_robot_009_m_105', 't_006', 't_000', 'transport_robot_003_m_144', 'transport_robot_007_m_115', 't_004', 'transport_robot_000_m_167', 't_003', 't_001', 't_009', 't_007', 'transport_robot_003_m_152'], ['transport_robot_008_m_015', 'transport_robot_007_m_115', 't_009', 't_002', 'transport_robot_003_m_144', 't_003', 't_001', 'transport_robot_000_m_142', 't_005', 't_004', 'transport_robot_000_m_167', 't_008', 'transport_robot_009_m_105', 'transport_robot_004_m_155', 'transport_robot_005_m_178', 't_000', 't_007', 't_006', 'transport_robot_003_m_152'], ['t_004', 'transport_robot_004_m_155', 'transport_robot_003_m_152', 'transport_robot_000_m_167', 't_006', 'transport_robot_009_m_105', 't_000', 't_002', 't_003', 'transport_robot_005_m_178', 't_005', 'transport_robot_000_m_142', 'transport_robot_003_m_144', 'transport_robot_007_m_115', 't_007', 't_001', 't_009', 'transport_robot_008_m_015', 't_008']]","[89.86251366120219, 12.49210958212347, 19.0]"
0,"[['t_007', 't_002', 't_006', 't_009', 'transport_robot_000_m_142', 't_005', 'transport_robot_009_m_105', 'transport_robot_004_m_155', 't_000', 't_004', 'transport_robot_005_m_178', 'transport_robot_007_m_115', 'transport_robot_003_m_144', 'transport_robot_000_m_167', 'transport_robot_008_m_015', 'transport_robot_003_m_152', 't_001', 't_008', 't_003'], ['t_005', 'transport_robot_005_m_178', 't_006', 't_001', 't_008', 'transport_robot_009_m_105', 't_009', 'transport_robot_000_m_142', 't_000', 't_004', 'transport_robot_000_m_167', 'transport_robot_004_m_155', 'transport_robot_007_m_115', 't_003', 'transport_robot_008_m_015', 't_007', 't_002', 'transport_robot_003_m_152', 'transport_robot_003_m_144'], ['t_008', 'transport_robot_007_m_115', 'transport_robot_008_m_015', 'transport_robot_004_m_155', 't_003', 't_009', 't_004', 't_002', 'transport_robot_009_m_105', 't_001', 'transport_robot_000_m_167', 't_005', 'transport_robot_005_m_178', 't_006', 'transport_robot_000_m_142', 't_007', 'transport_robot_003_m_144', 'transport_robot_003_m_152', 't_000'], ['t_009', 'transport_robot_000_m_142', 'transport_robot_003_m_144', 'transport_robot_003_m_152', 'transport_robot_008_m_015', 't_000', 'transport_robot_005_m_178', 'transport_robot_000_m_167', 't_001', 't_002', 'transport_robot_009_m_105', 't_008', 't_005', 't_007', 't_004', 'transport_robot_004_m_155', 't_006', 'transport_robot_007_m_115', 't_003'], ['transport_robot_004_m_155', 't_000', 't_006', 't_007', 'transport_robot_003_m_152', 't_002', 'transport_robot_009_m_105', 't_003', 'transport_robot_000_m_142', 't_005', 'transport_robot_005_m_178', 'transport_robot_003_m_144', 'transport_robot_007_m_115', 't_009', 't_008', 't_001', 'transport_robot_000_m_167', 'transport_robot_008_m_015', 't_004'], ['t_007', 't_009', 't_005', 'transport_robot_004_m_155', 't_001', 'transport_robot_009_m_105', 't_002', 'transport_robot_003_m_144', 'transport_robot_000_m_167', 't_004', 't_000', 'transport_robot_008_m_015', 'transport_robot_005_m_178', 'transport_robot_007_m_115', 't_003', 'transport_robot_003_m_152', 't_008', 't_006', 'transport_robot_000_m_142'], ['transport_robot_007_m_115', 't_008', 'transport_robot_005_m_178', 't_007', 't_004', 't_000', 'transport_robot_009_m_105', 't_006', 't_005', 'transport_robot_000_m_167', 't_009', 'transport_robot_000_m_142', 'transport_robot_003_m_144', 'transport_robot_004_m_155', 'transport_robot_008_m_015', 't_003', 't_001', 'transport_robot_003_m_152', 't_002'], ['t_007', 'transport_robot_000_m_142', 't_008', 't_002', 't_005', 't_001', 'transport_robot_007_m_115', 't_006', 'transport_robot_003_m_144', 'transport_robot_004_m_155', 'transport_robot_005_m_178', 't_000', 't_004', 't_003', 't_009', 'transport_robot_008_m_015', 'transport_robot_000_m_167', 'transport_robot_009_m_105', 'transport_robot_003_m_152'], ['transport_robot_008_m_015', 'transport_robot_003_m_144', 'transport_robot_000_m_167', 't_009', 't_002', 't_001', 't_003', 't_005', 't_007', 't_008', 'transport_robot_007_m_115', 'transport_robot_000_m_142', 't_004', 'transport_robot_009_m_105', 'transport_robot_004_m_155', 'transport_robot_005_m_178', 't_000', 't_006', 'transport_robot_003_m_152'], ['transport_robot_004_m_155', 't_000', 't_003', 'transport_robot_009_m_105', 'transport_robot_000_m_167', 'transport_robot_000_m_142', 't_005', 't_001', 'transport_robot_005_m_178', 't_009', 'transport_robot_003_m_152', 't_004', 'transport_robot_003_m_144', 'transport_robot_007_m_115', 't_007', 'transport_robot_008_m_015', 't_006', 't_002', 't_008']]","[90.76382513661203, 8.641975308641976, 17.0]"
0,"[['t_002', 't_001', 'transport_robot_007_m_115', 'transport_robot_003_m_144', 't_007', 'transport_robot_000_m_142', 't_005', 'transport_robot_005_m_178', 'transport_robot_009_m_105', 't_009', 'transport_robot_004_m_155', 't_003', 'transport_robot_003_m_152', 't_000', 'transport_robot_008_m_015', 't_004', 't_006', 't_008', 'transport_robot_000_m_167'], ['t_005', 'transport_robot_005_m_178', 't_007', 'transport_robot_004_m_155', 't_009', 'transport_robot_009_m_105', 't_000', 't_006', 't_008', 't_001', 'transport_robot_000_m_142', 'transport_robot_008_m_015', 'transport_robot_007_m_115', 't_004', 't_002', 'transport_robot_003_m_152', 'transport_robot_000_m_167', 't_003', 'transport_robot_003_m_144'], ['t_008', 'transport_robot_007_m_115', 'transport_robot_008_m_015', 'transport_robot_004_m_155', 't_002', 't_009', 'transport_robot_005_m_178', 't_003', 't_005', 't_006', 'transport_robot_009_m_105', 't_001', 't_004', 'transport_robot_000_m_167', 'transport_robot_000_m_142', 'transport_robot_003_m_152', 't_007', 'transport_robot_003_m_144', 't_000'], ['t_009', 'transport_robot_007_m_115', 't_000', 'transport_robot_003_m_144', 'transport_robot_008_m_015', 'transport_robot_000_m_167', 'transport_robot_003_m_152', 't_005', 't_008', 'transport_robot_000_m_142', 'transport_robot_004_m_155', 't_002', 't_006', 't_001', 't_004', 'transport_robot_005_m_178', 't_007', 'transport_robot_009_m_105', 't_003'], ['transport_robot_004_m_155', 't_000', 't_006', 'transport_robot_003_m_152', 'transport_robot_000_m_142', 't_002', 't_001', 'transport_robot_005_m_178', 't_007', 't_003', 'transport_robot_008_m_015', 'transport_robot_009_m_105', 'transport_robot_007_m_115', 'transport_robot_003_m_144', 't_009', 't_008', 't_005', 'transport_robot_000_m_167', 't_004'], ['t_007', 't_009', 't_005', 'transport_robot_009_m_105', 'transport_robot_004_m_155', 't_002', 'transport_robot_005_m_178', 't_001', 't_000', 'transport_robot_007_m_115', 'transport_robot_008_m_015', 't_004', 't_003', 'transport_robot_003_m_152', 'transport_robot_000_m_167', 't_008', 'transport_robot_003_m_144', 'transport_robot_000_m_142', 't_006'], ['transport_robot_007_m_115', 't_008', 'transport_robot_009_m_105', 'transport_robot_005_m_178', 't_004', 't_007', 'transport_robot_003_m_144', 't_005', 't_000', 't_006', 'transport_robot_000_m_167', 'transport_robot_000_m_142', 'transport_robot_003_m_152', 't_003', 't_009', 'transport_robot_004_m_155', 't_001', 'transport_robot_008_m_015', 't_002'], ['t_007', 'transport_robot_000_m_142', 't_008', 't_002', 't_005', 'transport_robot_007_m_115', 'transport_robot_004_m_155', 'transport_robot_003_m_144', 't_009', 'transport_robot_005_m_178', 't_000', 't_006', 't_004', 't_001', 't_003', 'transport_robot_008_m_015', 'transport_robot_000_m_167', 'transport_robot_009_m_105', 'transport_robot_003_m_152'], ['transport_robot_008_m_015', 'transport_robot_003_m_144', 't_002', 't_009', 't_004', 'transport_robot_000_m_167', 't_007', 'transport_robot_003_m_152', 'transport_robot_009_m_105', 't_005', 't_008', 'transport_robot_007_m_115', 'transport_robot_000_m_142', 't_001', 't_003', 't_000', 'transport_robot_005_m_178', 'transport_robot_004_m_155', 't_006'], ['transport_robot_004_m_155', 't_003', 'transport_robot_009_m_105', 'transport_robot_007_m_115', 't_007', 't_001', 'transport_robot_005_m_178', 'transport_robot_003_m_152', 't_004', 'transport_robot_003_m_144', 't_005', 't_008', 'transport_robot_000_m_167', 'transport_robot_000_m_142', 't_009', 'transport_robot_008_m_015', 't_002', 't_000', 't_006']]","[90.76382513661203, 8.641975308641976, 17.0]"
0,"[['t_007', 't_002', 't_006', 't_000', 'transport_robot_000_m_142', 't_005', 'transport_robot_007_m_115', 'transport_robot_009_m_105', 't_009', 'transport_robot_003_m_144', 'transport_robot_004_m_155', 'transport_robot_005_m_178', 'transport_robot_000_m_167', 'transport_robot_008_m_015', 't_004', 't_001', 'transport_robot_003_m_152', 't_008', 't_003'], ['t_005', 'transport_robot_005_m_178', 't_007', 'transport_robot_004_m_155', 'transport_robot_009_m_105', 't_008', 'transport_robot_000_m_142', 't_000', 't_001', 't_009', 'transport_robot_000_m_167', 'transport_robot_008_m_015', 't_003', 't_004', 'transport_robot_007_m_115', 't_002', 't_006', 'transport_robot_003_m_152', 'transport_robot_003_m_144'], ['t_008', 'transport_robot_007_m_115', 'transport_robot_008_m_015', 'transport_robot_004_m_155', 't_002', 't_009', 't_003', 't_004', 'transport_robot_009_m_105', 't_001', 'transport_robot_000_m_167', 't_005', 'transport_robot_005_m_178', 't_006', 'transport_robot_000_m_142', 't_007', 'transport_robot_003_m_144', 'transport_robot_003_m_152', 't_000'], ['t_009', 'transport_robot_007_m_115', 'transport_robot_003_m_144', 'transport_robot_003_m_152', 't_000', 'transport_robot_008_m_015', 'transport_robot_000_m_167', 'transport_robot_000_m_142', 't_006', 't_002', 'transport_robot_009_m_105', 't_008', 't_005', 't_004', 'transport_robot_005_m_178', 'transport_robot_004_m_155', 't_001', 't_007', 't_003'], ['transport_robot_004_m_155', 't_000', 't_006', 'transport_robot_003_m_152', 'transport_robot_000_m_142', 't_002', 't_001', 'transport_robot_005_m_178', 't_007', 't_003', 'transport_robot_008_m_015', 'transport_robot_009_m_105', 'transport_robot_003_m_144', 't_009', 'transport_robot_007_m_115', 't_008', 't_005', 'transport_robot_000_m_167', 't_004'], ['t_007', 't_009', 'transport_robot_009_m_105', 't_005', 'transport_robot_008_m_015', 't_000', 't_002', 'transport_robot_005_m_178', 'transport_robot_004_m_155', 't_001', 'transport_robot_007_m_115', 't_004', 'transport_robot_003_m_152', 't_003', 'transport_robot_000_m_167', 't_008', 't_006', 'transport_robot_000_m_142', 'transport_robot_003_m_144'], ['transport_robot_007_m_115', 't_008', 't_009', 'transport_robot_009_m_105', 'transport_robot_005_m_178', 't_007', 't_000', 't_006', 'transport_robot_000_m_167', 't_004', 'transport_robot_000_m_142', 'transport_robot_003_m_144', 'transport_robot_004_m_155', 'transport_robot_003_m_152', 't_003', 't_001', 't_005', 'transport_robot_008_m_015', 't_002'], ['t_007', 'transport_robot_000_m_142', 't_008', 't_002', 'transport_robot_003_m_144', 'transport_robot_007_m_115', 'transport_robot_004_m_155', 'transport_robot_005_m_178', 't_005', 't_000', 't_006', 't_004', 't_001', 't_003', 't_009', 'transport_robot_008_m_015', 'transport_robot_000_m_167', 'transport_robot_009_m_105', 'transport_robot_003_m_152'], ['transport_robot_008_m_015', 'transport_robot_003_m_144', 't_009', 't_002', 't_001', 't_003', 't_005', 't_000', 't_004', 't_008', 'transport_robot_007_m_115', 'transport_robot_000_m_142', 't_006', 'transport_robot_005_m_178', 'transport_robot_000_m_167', 'transport_robot_009_m_105', 'transport_robot_004_m_155', 't_007', 'transport_robot_003_m_152'], ['t_004', 'transport_robot_009_m_105', 'transport_robot_007_m_115', 'transport_robot_004_m_155', 't_003', 't_006', 'transport_robot_000_m_142', 'transport_robot_003_m_144', 't_005', 't_007', 't_001', 'transport_robot_005_m_178', 't_009', 'transport_robot_003_m_152', 'transport_robot_000_m_167', 't_002', 't_000', 'transport_robot_008_m_015', 't_008']]","[90.76382513661203, 8.641975308641976, 17.0]"
0,"[['t_007', 't_002', 't_000', 't_006', 'transport_robot_007_m_115', 't_009', 'transport_robot_000_m_142', 't_005', 'transport_robot_003_m_144', 'transport_robot_004_m_155', 'transport_robot_005_m_178', 'transport_robot_000_m_167', 'transport_robot_008_m_015', 'transport_robot_009_m_105', 't_004', 't_001', 'transport_robot_003_m_152', 't_008', 't_003'], ['t_005', 'transport_robot_005_m_178', 't_003', 'transport_robot_004_m_155', 'transport_robot_009_m_105', 't_009', 't_006', 't_008', 't_001', 'transport_robot_000_m_142', 't_000', 'transport_robot_008_m_015', 'transport_robot_007_m_115', 't_004', 't_002', 'transport_robot_000_m_167', 't_007', 'transport_robot_003_m_152', 'transport_robot_003_m_144'], ['t_008', 'transport_robot_007_m_115', 'transport_robot_004_m_155', 'transport_robot_008_m_015', 't_002', 'transport_robot_000_m_142', 't_009', 'transport_robot_005_m_178', 't_003', 't_005', 't_006', 'transport_robot_009_m_105', 't_007', 't_001', 't_004', 'transport_robot_000_m_167', 'transport_robot_003_m_144', 'transport_robot_003_m_152', 't_000'], ['transport_robot_007_m_115', 't_000', 't_009', 't_005', 'transport_robot_000_m_142', 't_008', 'transport_robot_003_m_144', 't_006', 'transport_robot_000_m_167', 't_001', 'transport_robot_003_m_152', 't_004', 'transport_robot_004_m_155', 'transport_robot_005_m_178', 't_007', 't_002', 't_003', 'transport_robot_009_m_105', 'transport_robot_008_m_015'], ['transport_robot_004_m_155', 't_000', 't_006', 'transport_robot_000_m_142', 't_002', 't_001', 'transport_robot_005_m_178', 't_003', 'transport_robot_003_m_152', 't_007', 'transport_robot_008_m_015', 'transport_robot_009_m_105', 'transport_robot_003_m_144', 't_009', 'transport_robot_007_m_115', 't_008', 't_005', 'transport_robot_000_m_167', 't_004'], ['t_007', 't_009', 't_005', 'transport_robot_009_m_105', 'transport_robot_004_m_155', 't_002', 'transport_robot_008_m_015', 'transport_robot_005_m_178', 't_000', 't_001', 'transport_robot_007_m_115', 'transport_robot_003_m_152', 't_003', 'transport_robot_003_m_144', 't_004', 'transport_robot_000_m_142', 'transport_robot_000_m_167', 't_008', 't_006'], ['transport_robot_007_m_115', 't_008', 't_009', 'transport_robot_005_m_178', 'transport_robot_009_m_105', 't_007', 'transport_robot_003_m_144', 't_005', 't_000', 't_006', 'transport_robot_000_m_167', 'transport_robot_000_m_142', 'transport_robot_003_m_152', 't_004', 't_001', 't_003', 'transport_robot_008_m_015', 'transport_robot_004_m_155', 't_002'], ['t_007', 'transport_robot_000_m_142', 't_008', 't_002', 'transport_robot_004_m_155', 'transport_robot_003_m_144', 't_005', 'transport_robot_007_m_115', 'transport_robot_005_m_178', 't_000', 't_006', 't_004', 't_001', 'transport_robot_000_m_167', 't_003', 't_009', 'transport_robot_008_m_015', 'transport_robot_009_m_105', 'transport_robot_003_m_152'], ['transport_robot_008_m_015', 't_009', 't_001', 't_002', 'transport_robot_000_m_142', 'transport_robot_007_m_115', 'transport_robot_003_m_144', 't_003', 't_007', 't_005', 't_000', 't_004', 'transport_robot_005_m_178', 'transport_robot_000_m_167', 'transport_robot_009_m_105', 'transport_robot_004_m_155', 't_008', 'transport_robot_003_m_152', 't_006'], ['t_004', 't_007', 'transport_robot_004_m_155', 'transport_robot_000_m_167', 'transport_robot_007_m_115', 'transport_robot_003_m_152', 't_003', 'transport_robot_005_m_178', 'transport_robot_003_m_144', 't_005', 't_006', 't_000', 'transport_robot_009_m_105', 'transport_robot_000_m_142', 't_001', 't_002', 't_009', 'transport_robot_008_m_015', 't_008']]","[90.76382513661203, 8.641975308641976, 17.0]"
